ID,A,C,D,E,F,G,H,I,K,L,M,N,P,Q,R,S,T,V,W,Y
P3,0.08333333333333333,0.0,0.16666666666666666,0.0,0.08333333333333333,0.16666666666666666,0.0,0.16666666666666666,0.0,0.0,0.0,0.08333333333333333,0.08333333333333333,0.0,0.0,0.0,0.0,0.0,0.0,0.16666666666666666
P6,0.05555555555555555,0.05555555555555555,0.1111111111111111,0.05555555555555555,0.0,0.0,0.05555555555555555,0.05555555555555555,0.0,0.0,0.0,0.05555555555555555,0.0,0.05555555555555555,0.05555555555555555,0.0,0.0,0.16666666666666666,0.0,0.2222222222222222
P1,0.09523809523809523,0.0,0.09523809523809523,0.047619047619047616,0.047619047619047616,0.047619047619047616,0.0,0.09523809523809523,0.0,0.0,0.047619047619047616,0.0,0.09523809523809523,0.09523809523809523,0.047619047619047616,0.09523809523809523,0.0,0.0,0.0,0.23809523809523808
P0,0.0,0.16666666666666666,0.0,0.0,0.0,0.0,0.0,0.16666666666666666,0.0,0.0,0.08333333333333333,0.0,0.08333333333333333,0.16666666666666666,0.0,0.08333333333333333,0.0,0.0,0.08333333333333333,0.16666666666666666
P5,0.08,0.0,0.2,0.0,0.08,0.04,0.04,0.12,0.0,0.0,0.12,0.0,0.0,0.04,0.0,0.0,0.04,0.0,0.0,0.16
P10,0.11538461538461539,0.0,0.15384615384615385,0.11538461538461539,0.07692307692307693,0.0,0.038461538461538464,0.0,0.0,0.038461538461538464,0.038461538461538464,0.07692307692307693,0.038461538461538464,0.038461538461538464,0.11538461538461539,0.038461538461538464,0.0,0.038461538461538464,0.038461538461538464,0.15384615384615385
P4,0.06666666666666667,0.06666666666666667,0.0,0.06666666666666667,0.13333333333333333,0.06666666666666667,0.2,0.0,0.0,0.0,0.06666666666666667,0.0,0.06666666666666667,0.0,0.06666666666666667,0.06666666666666667,0.06666666666666667,0.0,0.0,0.13333333333333333
P2,0.0,0.07142857142857142,0.07142857142857142,0.0,0.07142857142857142,0.14285714285714285,0.0,0.0,0.07142857142857142,0.0,0.07142857142857142,0.0,0.14285714285714285,0.0,0.0,0.07142857142857142,0.0,0.07142857142857142,0.0,0.14285714285714285
P9,0.18181818181818182,0.0,0.09090909090909091,0.0,0.09090909090909091,0.0,0.0,0.09090909090909091,0.0,0.0,0.0,0.2727272727272727,0.0,0.0,0.0,0.09090909090909091,0.09090909090909091,0.0,0.0,0.09090909090909091
