ID,A,C,D,E,F,G,H,I,K,L,M,N,P,Q,R,S,T,V,W,Y
P2,0.0,0.06666666666666667,0.13333333333333333,0.0,0.06666666666666667,0.13333333333333333,0.0,0.0,0.06666666666666667,0.0,0.06666666666666667,0.0,0.13333333333333333,0.0,0.0,0.06666666666666667,0.0,0.06666666666666667,0.0,0.13333333333333333
P3,0.1,0.0,0.1,0.0,0.1,0.2,0.0,0.2,0.0,0.0,0.0,0.0,0.1,0.0,0.0,0.0,0.0,0.0,0.0,0.2
P4,0.0625,0.0625,0.0625,0.0625,0.125,0.0625,0.125,0.0,0.0,0.0,0.0625,0.0,0.0625,0.0,0.0625,0.0625,0.125,0.0,0.0,0.125
P9,0.2222222222222222,0.1111111111111111,0.0,0.0,0.0,0.0,0.0,0.1111111111111111,0.0,0.0,0.0,0.3333333333333333,0.0,0.0,0.0,0.0,0.1111111111111111,0.0,0.0,0.1111111111111111
P5,0.08695652173913043,0.0,0.21739130434782608,0.0,0.08695652173913043,0.043478260869565216,0.043478260869565216,0.08695652173913043,0.0,0.0,0.13043478260869565,0.0,0.0,0.0,0.0,0.0,0.0,0.043478260869565216,0.0,0.17391304347826086
P0,0.08333333333333333,0.16666666666666666,0.0,0.0,0.0,0.0,0.0,0.08333333333333333,0.0,0.0,0.08333333333333333,0.0,0.08333333333333333,0.16666666666666666,0.0,0.08333333333333333,0.0,0.0,0.08333333333333333,0.16666666666666666
P8,0.2,0.05,0.15,0.1,0.0,0.0,0.0,0.1,0.05,0.0,0.0,0.1,0.05,0.0,0.1,0.0,0.0,0.05,0.0,0.05
P1,0.09090909090909091,0.0,0.09090909090909091,0.0,0.045454545454545456,0.045454545454545456,0.0,0.045454545454545456,0.0,0.045454545454545456,0.09090909090909091,0.0,0.09090909090909091,0.09090909090909091,0.0,0.09090909090909091,0.0,0.0,0.045454545454545456,0.22727272727272727
P6,0.05,0.05,0.1,0.05,0.0,0.0,0.05,0.05,0.05,0.0,0.05,0.05,0.0,0.05,0.05,0.0,0.0,0.15,0.0,0.2
P7,0.041666666666666664,0.16666666666666666,0.08333333333333333,0.0,0.125,0.0,0.041666666666666664,0.041666666666666664,0.0,0.0,0.20833333333333334,0.08333333333333333,0.0,0.041666666666666664,0.0,0.0,0.0,0.041666666666666664,0.0,0.0
