ID,A,C,D,E,F,G,H,I,K,L,M,N,P,Q,R,S,T,V,W,Y
P6,0.05555555555555555,0.0,0.05555555555555555,0.05555555555555555,0.0,0.0,0.05555555555555555,0.05555555555555555,0.05555555555555555,0.0,0.05555555555555555,0.05555555555555555,0.0,0.05555555555555555,0.05555555555555555,0.0,0.0,0.16666666666666666,0.0,0.2222222222222222
P2,0.0,0.07142857142857142,0.14285714285714285,0.0,0.07142857142857142,0.14285714285714285,0.0,0.0,0.07142857142857142,0.0,0.07142857142857142,0.0,0.14285714285714285,0.0,0.0,0.07142857142857142,0.0,0.07142857142857142,0.0,0.07142857142857142
P4,0.0625,0.0625,0.0625,0.0625,0.125,0.0625,0.125,0.0625,0.0,0.0,0.0625,0.0,0.0,0.0,0.0625,0.0625,0.125,0.0,0.0,0.125
P1,0.047619047619047616,0.0,0.09523809523809523,0.047619047619047616,0.047619047619047616,0.047619047619047616,0.0,0.09523809523809523,0.0,0.047619047619047616,0.09523809523809523,0.0,0.09523809523809523,0.09523809523809523,0.047619047619047616,0.09523809523809523,0.0,0.0,0.0,0.19047619047619047
P3,0.09090909090909091,0.0,0.18181818181818182,0.0,0.09090909090909091,0.18181818181818182,0.0,0.18181818181818182,0.0,0.0,0.0,0.0,0.09090909090909091,0.0,0.0,0.0,0.0,0.0,0.0,0.18181818181818182
P5,0.04,0.0,0.2,0.0,0.08,0.04,0.04,0.12,0.0,0.0,0.08,0.0,0.0,0.04,0.0,0.04,0.04,0.04,0.0,0.16
P0,0.07692307692307693,0.23076923076923078,0.0,0.0,0.0,0.0,0.0,0.15384615384615385,0.0,0.0,0.07692307692307693,0.0,0.07692307692307693,0.15384615384615385,0.0,0.07692307692307693,0.0,0.0,0.0,0.15384615384615385
