ID,A,C,D,E,F,G,H,I,K,L,M,N,P,Q,R,S,T,V,W,Y
P5,0.07692307692307693,0.0,0.15384615384615385,0.0,0.07692307692307693,0.038461538461538464,0.038461538461538464,0.11538461538461539,0.0,0.0,0.11538461538461539,0.0,0.0,0.038461538461538464,0.0,0.038461538461538464,0.038461538461538464,0.038461538461538464,0.0,0.15384615384615385
P0,0.07692307692307693,0.23076923076923078,0.0,0.0,0.0,0.0,0.0,0.07692307692307693,0.0,0.0,0.07692307692307693,0.0,0.07692307692307693,0.15384615384615385,0.0,0.07692307692307693,0.0,0.0,0.07692307692307693,0.15384615384615385
P1,0.09523809523809523,0.0,0.047619047619047616,0.0,0.047619047619047616,0.047619047619047616,0.0,0.09523809523809523,0.0,0.047619047619047616,0.09523809523809523,0.0,0.09523809523809523,0.09523809523809523,0.0,0.09523809523809523,0.0,0.0,0.0,0.23809523809523808
P2,0.0,0.07142857142857142,0.14285714285714285,0.0,0.07142857142857142,0.14285714285714285,0.0,0.0,0.07142857142857142,0.0,0.07142857142857142,0.0,0.14285714285714285,0.0,0.0,0.0,0.0,0.07142857142857142,0.0,0.14285714285714285
P4,0.058823529411764705,0.058823529411764705,0.058823529411764705,0.058823529411764705,0.11764705882352941,0.058823529411764705,0.11764705882352941,0.058823529411764705,0.0,0.0,0.058823529411764705,0.0,0.058823529411764705,0.0,0.058823529411764705,0.058823529411764705,0.11764705882352941,0.0,0.0,0.11764705882352941
P3,0.08333333333333333,0.0,0.16666666666666666,0.0,0.08333333333333333,0.16666666666666666,0.0,0.16666666666666666,0.0,0.0,0.0,0.08333333333333333,0.08333333333333333,0.0,0.0,0.0,0.0,0.0,0.0,0.16666666666666666
P6,0.05263157894736842,0.05263157894736842,0.05263157894736842,0.05263157894736842,0.0,0.0,0.05263157894736842,0.05263157894736842,0.05263157894736842,0.0,0.05263157894736842,0.05263157894736842,0.0,0.05263157894736842,0.05263157894736842,0.0,0.0,0.15789473684210525,0.0,0.21052631578947367
P9,0.18181818181818182,0.09090909090909091,0.09090909090909091,0.0,0.09090909090909091,0.0,0.0,0.09090909090909091,0.0,0.0,0.0,0.18181818181818182,0.0,0.0,0.0,0.09090909090909091,0.09090909090909091,0.0,0.0,0.09090909090909091
