ID,A,C,D,E,F,G,H,I,K,L,M,N,P,Q,R,S,T,V,W,Y
P3,0.09090909090909091,0.0,0.18181818181818182,0.0,0.09090909090909091,0.09090909090909091,0.0,0.18181818181818182,0.0,0.0,0.0,0.09090909090909091,0.09090909090909091,0.0,0.0,0.0,0.0,0.0,0.0,0.18181818181818182
P5,0.09090909090909091,0.0,0.18181818181818182,0.0,0.045454545454545456,0.0,0.045454545454545456,0.09090909090909091,0.0,0.0,0.13636363636363635,0.0,0.0,0.045454545454545456,0.0,0.045454545454545456,0.045454545454545456,0.045454545454545456,0.0,0.18181818181818182
P6,0.05555555555555555,0.0,0.05555555555555555,0.05555555555555555,0.0,0.0,0.05555555555555555,0.05555555555555555,0.05555555555555555,0.0,0.05555555555555555,0.05555555555555555,0.0,0.05555555555555555,0.05555555555555555,0.0,0.0,0.16666666666666666,0.0,0.2222222222222222
P1,0.1,0.0,0.1,0.05,0.05,0.05,0.0,0.05,0.0,0.05,0.1,0.0,0.1,0.05,0.05,0.1,0.0,0.0,0.0,0.2
P0,0.07692307692307693,0.23076923076923078,0.0,0.0,0.0,0.0,0.0,0.15384615384615385,0.0,0.0,0.07692307692307693,0.0,0.07692307692307693,0.07692307692307693,0.0,0.07692307692307693,0.0,0.0,0.07692307692307693,0.15384615384615385
P2,0.0,0.09090909090909091,0.0,0.0,0.09090909090909091,0.18181818181818182,0.0,0.0,0.09090909090909091,0.0,0.0,0.0,0.09090909090909091,0.0,0.0,0.09090909090909091,0.0,0.09090909090909091,0.0,0.18181818181818182
P4,0.06666666666666667,0.06666666666666667,0.0,0.06666666666666667,0.13333333333333333,0.06666666666666667,0.2,0.06666666666666667,0.0,0.0,0.06666666666666667,0.0,0.06666666666666667,0.0,0.06666666666666667,0.06666666666666667,0.0,0.0,0.0,0.13333333333333333
