ID,A,C,D,E,F,G,H,I,K,L,M,N,P,Q,R,S,T,V,W,Y
P2,0.0,0.0,0.15384615384615385,0.0,0.07692307692307693,0.15384615384615385,0.0,0.0,0.07692307692307693,0.0,0.0,0.0,0.15384615384615385,0.0,0.0,0.07692307692307693,0.0,0.07692307692307693,0.0,0.15384615384615385
P8,0.19047619047619047,0.0,0.14285714285714285,0.09523809523809523,0.0,0.0,0.0,0.09523809523809523,0.047619047619047616,0.047619047619047616,0.0,0.14285714285714285,0.047619047619047616,0.0,0.09523809523809523,0.0,0.047619047619047616,0.0,0.0,0.047619047619047616
P3,0.08333333333333333,0.0,0.16666666666666666,0.0,0.08333333333333333,0.16666666666666666,0.0,0.16666666666666666,0.0,0.0,0.0,0.08333333333333333,0.08333333333333333,0.0,0.0,0.0,0.0,0.0,0.0,0.16666666666666666
P7,0.047619047619047616,0.14285714285714285,0.09523809523809523,0.0,0.14285714285714285,0.0,0.0,0.047619047619047616,0.0,0.0,0.23809523809523808,0.09523809523809523,0.0,0.047619047619047616,0.0,0.0,0.0,0.047619047619047616,0.0,0.0
P6,0.05,0.05,0.1,0.05,0.0,0.0,0.05,0.05,0.05,0.0,0.05,0.05,0.0,0.05,0.05,0.0,0.0,0.15,0.0,0.2
P5,0.08,0.0,0.24,0.0,0.08,0.04,0.04,0.08,0.0,0.0,0.08,0.0,0.0,0.04,0.0,0.04,0.04,0.04,0.0,0.12
