ID,A,C,D,E,F,G,H,I,K,L,M,N,P,Q,R,S,T,V,W,Y
P3,0.1,0.0,0.1,0.0,0.1,0.2,0.0,0.2,0.0,0.0,0.0,0.1,0.1,0.0,0.0,0.0,0.0,0.0,0.0,0.1
P5,0.07692307692307693,0.0,0.23076923076923078,0.0,0.07692307692307693,0.038461538461538464,0.038461538461538464,0.11538461538461539,0.0,0.0,0.11538461538461539,0.0,0.0,0.038461538461538464,0.0,0.038461538461538464,0.038461538461538464,0.038461538461538464,0.0,0.07692307692307693
P4,0.058823529411764705,0.058823529411764705,0.058823529411764705,0.058823529411764705,0.11764705882352941,0.058823529411764705,0.11764705882352941,0.058823529411764705,0.0,0.0,0.058823529411764705,0.0,0.058823529411764705,0.0,0.058823529411764705,0.058823529411764705,0.11764705882352941,0.0,0.0,0.11764705882352941
P0,0.07142857142857142,0.21428571428571427,0.0,0.0,0.0,0.0,0.0,0.14285714285714285,0.0,0.0,0.07142857142857142,0.0,0.07142857142857142,0.14285714285714285,0.0,0.07142857142857142,0.0,0.0,0.07142857142857142,0.14285714285714285
P7,0.045454545454545456,0.13636363636363635,0.09090909090909091,0.0,0.13636363636363635,0.0,0.045454545454545456,0.045454545454545456,0.0,0.0,0.22727272727272727,0.09090909090909091,0.0,0.0,0.0,0.0,0.0,0.045454545454545456,0.0,0.0
P1,0.08695652173913043,0.0,0.08695652173913043,0.043478260869565216,0.043478260869565216,0.043478260869565216,0.0,0.08695652173913043,0.0,0.043478260869565216,0.08695652173913043,0.0,0.08695652173913043,0.08695652173913043,0.043478260869565216,0.08695652173913043,0.0,0.0,0.043478260869565216,0.17391304347826086
P8,0.17391304347826086,0.043478260869565216,0.13043478260869565,0.08695652173913043,0.0,0.0,0.0,0.08695652173913043,0.043478260869565216,0.043478260869565216,0.0,0.13043478260869565,0.043478260869565216,0.0,0.08695652173913043,0.0,0.043478260869565216,0.043478260869565216,0.0,0.043478260869565216
P2,0.0,0.07142857142857142,0.14285714285714285,0.0,0.07142857142857142,0.14285714285714285,0.0,0.0,0.07142857142857142,0.0,0.07142857142857142,0.0,0.14285714285714285,0.0,0.0,0.07142857142857142,0.0,0.0,0.0,0.14285714285714285
P6,0.05555555555555555,0.05555555555555555,0.1111111111111111,0.05555555555555555,0.0,0.0,0.05555555555555555,0.05555555555555555,0.0,0.0,0.05555555555555555,0.05555555555555555,0.0,0.05555555555555555,0.05555555555555555,0.0,0.0,0.16666666666666666,0.0,0.16666666666666666
