ID,A,C,D,E,F,G,H,I,K,L,M,N,P,Q,R,S,T,V,W,Y
P8,0.16666666666666666,0.0,0.1111111111111111,0.1111111111111111,0.0,0.0,0.0,0.05555555555555555,0.05555555555555555,0.05555555555555555,0.0,0.16666666666666666,0.05555555555555555,0.0,0.1111111111111111,0.0,0.05555555555555555,0.0,0.0,0.05555555555555555
P0,0.07692307692307693,0.23076923076923078,0.0,0.0,0.0,0.0,0.0,0.15384615384615385,0.0,0.0,0.07692307692307693,0.0,0.07692307692307693,0.15384615384615385,0.0,0.07692307692307693,0.0,0.0,0.07692307692307693,0.07692307692307693
P6,0.05263157894736842,0.05263157894736842,0.10526315789473684,0.05263157894736842,0.0,0.0,0.05263157894736842,0.05263157894736842,0.05263157894736842,0.0,0.05263157894736842,0.05263157894736842,0.0,0.05263157894736842,0.05263157894736842,0.0,0.0,0.15789473684210525,0.0,0.15789473684210525
P1,0.09090909090909091,0.0,0.045454545454545456,0.045454545454545456,0.045454545454545456,0.045454545454545456,0.0,0.09090909090909091,0.0,0.045454545454545456,0.09090909090909091,0.0,0.09090909090909091,0.09090909090909091,0.045454545454545456,0.09090909090909091,0.0,0.0,0.045454545454545456,0.18181818181818182
P10,0.11538461538461539,0.0,0.15384615384615385,0.11538461538461539,0.07692307692307693,0.038461538461538464,0.038461538461538464,0.0,0.0,0.0,0.038461538461538464,0.11538461538461539,0.038461538461538464,0.038461538461538464,0.11538461538461539,0.038461538461538464,0.0,0.038461538461538464,0.038461538461538464,0.11538461538461539
P4,0.0625,0.0625,0.0625,0.0625,0.125,0.0625,0.125,0.0625,0.0,0.0,0.0625,0.0,0.0625,0.0,0.0625,0.0,0.125,0.0,0.0,0.125
P5,0.09090909090909091,0.0,0.22727272727272727,0.0,0.045454545454545456,0.045454545454545456,0.045454545454545456,0.13636363636363635,0.0,0.0,0.045454545454545456,0.0,0.0,0.0,0.0,0.045454545454545456,0.045454545454545456,0.045454545454545456,0.0,0.13636363636363635
P2,0.0,0.07142857142857142,0.14285714285714285,0.0,0.07142857142857142,0.14285714285714285,0.0,0.0,0.07142857142857142,0.0,0.07142857142857142,0.0,0.14285714285714285,0.0,0.0,0.07142857142857142,0.0,0.07142857142857142,0.0,0.07142857142857142
P3,0.09090909090909091,0.0,0.18181818181818182,0.0,0.0,0.18181818181818182,0.0,0.18181818181818182,0.0,0.0,0.0,0.09090909090909091,0.09090909090909091,0.0,0.0,0.0,0.0,0.0,0.0,0.18181818181818182
