ID,A,C,D,E,F,G,H,I,K,L,M,N,P,Q,R,S,T,V,W,Y
P7,0.05,0.2,0.05,0.0,0.0,0.0,0.05,0.05,0.0,0.0,0.25,0.1,0.0,0.05,0.0,0.0,0.0,0.05,0.0,0.0
P2,0.0,0.06666666666666667,0.13333333333333333,0.0,0.06666666666666667,0.13333333333333333,0.0,0.0,0.06666666666666667,0.0,0.06666666666666667,0.0,0.13333333333333333,0.0,0.0,0.06666666666666667,0.0,0.06666666666666667,0.0,0.13333333333333333
P9,0.25,0.08333333333333333,0.08333333333333333,0.0,0.08333333333333333,0.0,0.0,0.08333333333333333,0.0,0.0,0.0,0.25,0.0,0.0,0.0,0.0,0.08333333333333333,0.0,0.0,0.08333333333333333
P4,0.058823529411764705,0.058823529411764705,0.0,0.058823529411764705,0.11764705882352941,0.058823529411764705,0.17647058823529413,0.058823529411764705,0.0,0.0,0.058823529411764705,0.0,0.058823529411764705,0.0,0.058823529411764705,0.058823529411764705,0.11764705882352941,0.0,0.0,0.11764705882352941
P0,0.07692307692307693,0.23076923076923078,0.0,0.0,0.0,0.0,0.0,0.15384615384615385,0.0,0.0,0.07692307692307693,0.0,0.07692307692307693,0.07692307692307693,0.0,0.07692307692307693,0.0,0.0,0.07692307692307693,0.15384615384615385
P5,0.08,0.0,0.24,0.0,0.08,0.0,0.04,0.08,0.0,0.0,0.12,0.0,0.0,0.04,0.0,0.04,0.04,0.0,0.0,0.16
P1,0.05,0.0,0.1,0.05,0.05,0.0,0.0,0.05,0.0,0.05,0.1,0.0,0.05,0.1,0.05,0.1,0.0,0.0,0.05,0.25
P6,0.058823529411764705,0.058823529411764705,0.11764705882352941,0.0,0.0,0.0,0.0,0.058823529411764705,0.058823529411764705,0.0,0.058823529411764705,0.058823529411764705,0.0,0.058823529411764705,0.0,0.0,0.0,0.17647058823529413,0.0,0.17647058823529413
P10,0.1111111111111111,0.0,0.14814814814814814,0.1111111111111111,0.07407407407407407,0.0,0.037037037037037035,0.0,0.0,0.037037037037037035,0.037037037037037035,0.1111111111111111,0.037037037037037035,0.037037037037037035,0.1111111111111111,0.037037037037037035,0.0,0.037037037037037035,0.037037037037037035,0.14814814814814814
