ID,A,C,D,E,F,G,H,I,K,L,M,N,P,Q,R,S,T,V,W,Y
P7,0.047619047619047616,0.19047619047619047,0.09523809523809523,0.0,0.14285714285714285,0.0,0.047619047619047616,0.047619047619047616,0.0,0.0,0.19047619047619047,0.09523809523809523,0.0,0.047619047619047616,0.0,0.0,0.0,0.0,0.0,0.0
P10,0.1111111111111111,0.0,0.14814814814814814,0.1111111111111111,0.07407407407407407,0.037037037037037035,0.037037037037037035,0.0,0.0,0.037037037037037035,0.037037037037037035,0.1111111111111111,0.037037037037037035,0.037037037037037035,0.1111111111111111,0.037037037037037035,0.0,0.037037037037037035,0.0,0.14814814814814814
P3,0.1,0.0,0.2,0.0,0.0,0.2,0.0,0.2,0.0,0.0,0.0,0.0,0.1,0.0,0.0,0.0,0.0,0.0,0.0,0.2
P0,0.07692307692307693,0.23076923076923078,0.0,0.0,0.0,0.0,0.0,0.15384615384615385,0.0,0.0,0.07692307692307693,0.0,0.07692307692307693,0.07692307692307693,0.0,0.07692307692307693,0.0,0.0,0.07692307692307693,0.15384615384615385
P1,0.047619047619047616,0.0,0.09523809523809523,0.047619047619047616,0.0,0.047619047619047616,0.0,0.09523809523809523,0.0,0.047619047619047616,0.09523809523809523,0.0,0.09523809523809523,0.09523809523809523,0.047619047619047616,0.047619047619047616,0.0,0.0,0.047619047619047616,0.23809523809523808
P5,0.041666666666666664,0.0,0.20833333333333334,0.0,0.08333333333333333,0.041666666666666664,0.041666666666666664,0.125,0.0,0.0,0.08333333333333333,0.0,0.0,0.041666666666666664,0.0,0.041666666666666664,0.041666666666666664,0.041666666666666664,0.0,0.16666666666666666
P6,0.05555555555555555,0.05555555555555555,0.1111111111111111,0.05555555555555555,0.0,0.0,0.05555555555555555,0.05555555555555555,0.0,0.0,0.05555555555555555,0.05555555555555555,0.0,0.05555555555555555,0.05555555555555555,0.0,0.0,0.16666666666666666,0.0,0.16666666666666666
P2,0.0,0.06666666666666667,0.13333333333333333,0.0,0.06666666666666667,0.13333333333333333,0.0,0.0,0.06666666666666667,0.0,0.06666666666666667,0.0,0.13333333333333333,0.0,0.0,0.06666666666666667,0.0,0.06666666666666667,0.0,0.13333333333333333
P4,0.058823529411764705,0.058823529411764705,0.058823529411764705,0.058823529411764705,0.11764705882352941,0.058823529411764705,0.11764705882352941,0.058823529411764705,0.0,0.0,0.058823529411764705,0.0,0.058823529411764705,0.0,0.058823529411764705,0.058823529411764705,0.11764705882352941,0.0,0.0,0.11764705882352941
