ID,A,C,D,E,F,G,H,I,K,L,M,N,P,Q,R,S,T,V,W,Y
P5,0.07142857142857142,0.0,0.21428571428571427,0.0,0.07142857142857142,0.03571428571428571,0.03571428571428571,0.10714285714285714,0.0,0.0,0.10714285714285714,0.0,0.0,0.03571428571428571,0.0,0.03571428571428571,0.03571428571428571,0.03571428571428571,0.0,0.14285714285714285
P8,0.19047619047619047,0.047619047619047616,0.14285714285714285,0.09523809523809523,0.0,0.0,0.0,0.09523809523809523,0.047619047619047616,0.0,0.0,0.14285714285714285,0.047619047619047616,0.0,0.09523809523809523,0.0,0.047619047619047616,0.0,0.0,0.047619047619047616
P6,0.05263157894736842,0.05263157894736842,0.10526315789473684,0.05263157894736842,0.0,0.0,0.05263157894736842,0.05263157894736842,0.05263157894736842,0.0,0.05263157894736842,0.05263157894736842,0.0,0.05263157894736842,0.05263157894736842,0.0,0.0,0.15789473684210525,0.0,0.21052631578947367
P4,0.06666666666666667,0.06666666666666667,0.0,0.06666666666666667,0.06666666666666667,0.06666666666666667,0.2,0.06666666666666667,0.0,0.0,0.06666666666666667,0.0,0.06666666666666667,0.0,0.06666666666666667,0.06666666666666667,0.06666666666666667,0.0,0.0,0.13333333333333333
P0,0.07692307692307693,0.23076923076923078,0.0,0.0,0.0,0.0,0.0,0.07692307692307693,0.0,0.0,0.07692307692307693,0.0,0.07692307692307693,0.15384615384615385,0.0,0.07692307692307693,0.0,0.0,0.07692307692307693,0.15384615384615385
P7,0.05,0.1,0.1,0.0,0.15,0.0,0.05,0.0,0.0,0.0,0.2,0.1,0.0,0.05,0.0,0.0,0.0,0.05,0.0,0.0
P10,0.12,0.0,0.08,0.08,0.08,0.04,0.04,0.0,0.0,0.04,0.04,0.12,0.04,0.04,0.08,0.04,0.0,0.04,0.04,0.16
P2,0.0,0.06666666666666667,0.13333333333333333,0.0,0.06666666666666667,0.13333333333333333,0.0,0.0,0.06666666666666667,0.0,0.06666666666666667,0.0,0.13333333333333333,0.0,0.0,0.06666666666666667,0.0,0.06666666666666667,0.0,0.13333333333333333
P3,0.09090909090909091,0.0,0.09090909090909091,0.0,0.09090909090909091,0.18181818181818182,0.0,0.18181818181818182,0.0,0.0,0.0,0.09090909090909091,0.09090909090909091,0.0,0.0,0.0,0.0,0.0,0.0,0.18181818181818182
