ID,A,C,D,E,F,G,H,I,K,L,M,N,P,Q,R,S,T,V,W,Y
P2,0.0,0.0,0.1,0.0,0.1,0.2,0.0,0.0,0.1,0.0,0.1,0.0,0.0,0.0,0.0,0.1,0.0,0.1,0.0,0.2
P3,0.09090909090909091,0.0,0.18181818181818182,0.0,0.09090909090909091,0.18181818181818182,0.0,0.18181818181818182,0.0,0.0,0.0,0.09090909090909091,0.09090909090909091,0.0,0.0,0.0,0.0,0.0,0.0,0.09090909090909091
P5,0.08333333333333333,0.0,0.20833333333333334,0.0,0.08333333333333333,0.041666666666666664,0.041666666666666664,0.125,0.0,0.0,0.125,0.0,0.0,0.041666666666666664,0.0,0.041666666666666664,0.041666666666666664,0.0,0.0,0.125
P7,0.0,0.18181818181818182,0.09090909090909091,0.0,0.13636363636363635,0.0,0.045454545454545456,0.045454545454545456,0.0,0.0,0.18181818181818182,0.09090909090909091,0.0,0.045454545454545456,0.0,0.0,0.0,0.045454545454545456,0.0,0.0
P1,0.09090909090909091,0.0,0.045454545454545456,0.045454545454545456,0.045454545454545456,0.045454545454545456,0.0,0.09090909090909091,0.0,0.045454545454545456,0.045454545454545456,0.0,0.09090909090909091,0.09090909090909091,0.045454545454545456,0.09090909090909091,0.0,0.0,0.045454545454545456,0.22727272727272727
P0,0.07692307692307693,0.23076923076923078,0.0,0.0,0.0,0.0,0.0,0.15384615384615385,0.0,0.0,0.0,0.0,0.07692307692307693,0.15384615384615385,0.0,0.07692307692307693,0.0,0.0,0.07692307692307693,0.15384615384615385
P10,0.12,0.0,0.16,0.12,0.08,0.04,0.0,0.0,0.0,0.04,0.04,0.12,0.04,0.0,0.12,0.04,0.0,0.0,0.04,0.16
P6,0.058823529411764705,0.0,0.11764705882352941,0.058823529411764705,0.0,0.0,0.058823529411764705,0.0,0.058823529411764705,0.0,0.058823529411764705,0.058823529411764705,0.0,0.058823529411764705,0.058823529411764705,0.0,0.0,0.17647058823529413,0.0,0.23529411764705882
