ID,A,C,D,E,F,G,H,I,K,L,M,N,P,Q,R,S,T,V,W,Y
P2,0.0,0.07142857142857142,0.14285714285714285,0.0,0.07142857142857142,0.14285714285714285,0.0,0.0,0.07142857142857142,0.0,0.07142857142857142,0.0,0.14285714285714285,0.0,0.0,0.07142857142857142,0.0,0.07142857142857142,0.0,0.07142857142857142
P3,0.1,0.0,0.2,0.0,0.1,0.1,0.0,0.2,0.0,0.0,0.0,0.1,0.0,0.0,0.0,0.0,0.0,0.0,0.0,0.2
P6,0.05,0.05,0.1,0.05,0.0,0.0,0.05,0.05,0.05,0.0,0.05,0.05,0.0,0.05,0.05,0.0,0.0,0.15,0.0,0.2
P1,0.09090909090909091,0.0,0.09090909090909091,0.045454545454545456,0.045454545454545456,0.045454545454545456,0.0,0.09090909090909091,0.0,0.045454545454545456,0.09090909090909091,0.0,0.09090909090909091,0.045454545454545456,0.045454545454545456,0.09090909090909091,0.0,0.0,0.045454545454545456,0.18181818181818182
P4,0.0625,0.0625,0.0,0.0625,0.125,0.0625,0.1875,0.0625,0.0,0.0,0.0625,0.0,0.0625,0.0,0.0625,0.0625,0.0625,0.0,0.0,0.125
P10,0.1111111111111111,0.0,0.1111111111111111,0.1111111111111111,0.07407407407407407,0.037037037037037035,0.037037037037037035,0.0,0.0,0.037037037037037035,0.037037037037037035,0.1111111111111111,0.037037037037037035,0.037037037037037035,0.1111111111111111,0.037037037037037035,0.0,0.037037037037037035,0.037037037037037035,0.14814814814814814
P7,0.041666666666666664,0.16666666666666666,0.08333333333333333,0.0,0.125,0.0,0.041666666666666664,0.041666666666666664,0.0,0.0,0.20833333333333334,0.08333333333333333,0.0,0.041666666666666664,0.0,0.0,0.0,0.041666666666666664,0.0,0.0
P5,0.07692307692307693,0.0,0.23076923076923078,0.0,0.07692307692307693,0.038461538461538464,0.038461538461538464,0.11538461538461539,0.0,0.0,0.11538461538461539,0.0,0.0,0.038461538461538464,0.0,0.038461538461538464,0.038461538461538464,0.038461538461538464,0.0,0.07692307692307693
