ID,A,C,D,E,F,G,H,I,K,L,M,N,P,Q,R,S,T,V,W,Y
P10,0.11538461538461539,0.0,0.15384615384615385,0.11538461538461539,0.07692307692307693,0.038461538461538464,0.038461538461538464,0.0,0.0,0.038461538461538464,0.0,0.11538461538461539,0.0,0.038461538461538464,0.11538461538461539,0.038461538461538464,0.0,0.038461538461538464,0.038461538461538464,0.15384615384615385
P6,0.0625,0.0625,0.125,0.0625,0.0,0.0,0.0625,0.0625,0.0625,0.0,0.0,0.0625,0.0,0.0625,0.0625,0.0,0.0,0.125,0.0,0.125
P2,0.0,0.07142857142857142,0.14285714285714285,0.0,0.07142857142857142,0.14285714285714285,0.0,0.0,0.07142857142857142,0.0,0.07142857142857142,0.0,0.14285714285714285,0.0,0.0,0.07142857142857142,0.0,0.0,0.0,0.14285714285714285
P5,0.038461538461538464,0.0,0.23076923076923078,0.0,0.038461538461538464,0.038461538461538464,0.038461538461538464,0.11538461538461539,0.0,0.0,0.11538461538461539,0.0,0.0,0.038461538461538464,0.0,0.038461538461538464,0.038461538461538464,0.038461538461538464,0.0,0.15384615384615385
P4,0.0625,0.0625,0.0625,0.0625,0.0625,0.0625,0.1875,0.0625,0.0,0.0,0.0625,0.0,0.0625,0.0,0.0625,0.0,0.125,0.0,0.0,0.125
P8,0.17391304347826086,0.043478260869565216,0.13043478260869565,0.08695652173913043,0.0,0.0,0.0,0.08695652173913043,0.043478260869565216,0.043478260869565216,0.0,0.13043478260869565,0.043478260869565216,0.0,0.08695652173913043,0.0,0.043478260869565216,0.043478260869565216,0.0,0.043478260869565216
P0,0.0,0.25,0.0,0.0,0.0,0.0,0.0,0.16666666666666666,0.0,0.0,0.08333333333333333,0.0,0.08333333333333333,0.16666666666666666,0.0,0.0,0.0,0.0,0.08333333333333333,0.16666666666666666
P1,0.09090909090909091,0.0,0.09090909090909091,0.045454545454545456,0.045454545454545456,0.045454545454545456,0.0,0.09090909090909091,0.0,0.045454545454545456,0.09090909090909091,0.0,0.09090909090909091,0.09090909090909091,0.045454545454545456,0.0,0.0,0.0,0.045454545454545456,0.22727272727272727
