ID,A,C,D,E,F,G,H,I,K,L,M,N,P,Q,R,S,T,V,W,Y
P5,0.07142857142857142,0.0,0.21428571428571427,0.0,0.07142857142857142,0.03571428571428571,0.03571428571428571,0.10714285714285714,0.0,0.0,0.10714285714285714,0.0,0.0,0.03571428571428571,0.0,0.03571428571428571,0.03571428571428571,0.03571428571428571,0.0,0.14285714285714285
P6,0.058823529411764705,0.058823529411764705,0.11764705882352941,0.058823529411764705,0.0,0.0,0.058823529411764705,0.058823529411764705,0.058823529411764705,0.0,0.058823529411764705,0.058823529411764705,0.0,0.058823529411764705,0.058823529411764705,0.0,0.0,0.11764705882352941,0.0,0.17647058823529413
P1,0.09523809523809523,0.0,0.09523809523809523,0.047619047619047616,0.047619047619047616,0.0,0.0,0.09523809523809523,0.0,0.047619047619047616,0.09523809523809523,0.0,0.09523809523809523,0.09523809523809523,0.047619047619047616,0.09523809523809523,0.0,0.0,0.0,0.19047619047619047
P2,0.0,0.0,0.18181818181818182,0.0,0.0,0.18181818181818182,0.0,0.0,0.0,0.0,0.0,0.0,0.18181818181818182,0.0,0.0,0.09090909090909091,0.0,0.09090909090909091,0.0,0.18181818181818182
P9,0.18181818181818182,0.0,0.09090909090909091,0.0,0.09090909090909091,0.0,0.0,0.09090909090909091,0.0,0.0,0.0,0.2727272727272727,0.0,0.0,0.0,0.09090909090909091,0.09090909090909091,0.0,0.0,0.09090909090909091
P4,0.05555555555555555,0.05555555555555555,0.05555555555555555,0.05555555555555555,0.1111111111111111,0.05555555555555555,0.16666666666666666,0.05555555555555555,0.0,0.0,0.05555555555555555,0.0,0.05555555555555555,0.0,0.05555555555555555,0.05555555555555555,0.1111111111111111,0.0,0.0,0.1111111111111111
P0,0.08333333333333333,0.25,0.0,0.0,0.0,0.0,0.0,0.16666666666666666,0.0,0.0,0.08333333333333333,0.0,0.0,0.16666666666666666,0.0,0.08333333333333333,0.0,0.0,0.0,0.16666666666666666
P8,0.17647058823529413,0.058823529411764705,0.11764705882352941,0.11764705882352941,0.0,0.0,0.0,0.11764705882352941,0.058823529411764705,0.0,0.0,0.11764705882352941,0.0,0.0,0.11764705882352941,0.0,0.058823529411764705,0.058823529411764705,0.0,0.0
P3,0.1111111111111111,0.0,0.2222222222222222,0.0,0.1111111111111111,0.1111111111111111,0.0,0.2222222222222222,0.0,0.0,0.0,0.0,0.0,0.0,0.0,0.0,0.0,0.0,0.0,0.2222222222222222
