ID,A,C,D,E,F,G,H,I,K,L,M,N,P,Q,R,S,T,V,W,Y
P3,0.09090909090909091,0.0,0.18181818181818182,0.0,0.09090909090909091,0.18181818181818182,0.0,0.18181818181818182,0.0,0.0,0.0,0.09090909090909091,0.09090909090909091,0.0,0.0,0.0,0.0,0.0,0.0,0.09090909090909091
P6,0.0,0.05263157894736842,0.10526315789473684,0.05263157894736842,0.0,0.0,0.05263157894736842,0.05263157894736842,0.05263157894736842,0.0,0.05263157894736842,0.05263157894736842,0.0,0.05263157894736842,0.05263157894736842,0.0,0.0,0.15789473684210525,0.0,0.21052631578947367
P2,0.0,0.06666666666666667,0.13333333333333333,0.0,0.06666666666666667,0.13333333333333333,0.0,0.0,0.06666666666666667,0.0,0.06666666666666667,0.0,0.13333333333333333,0.0,0.0,0.06666666666666667,0.0,0.06666666666666667,0.0,0.13333333333333333
P5,0.07692307692307693,0.0,0.23076923076923078,0.0,0.07692307692307693,0.038461538461538464,0.038461538461538464,0.07692307692307693,0.0,0.0,0.11538461538461539,0.0,0.0,0.038461538461538464,0.0,0.038461538461538464,0.038461538461538464,0.038461538461538464,0.0,0.11538461538461539
P4,0.07142857142857142,0.07142857142857142,0.0,0.07142857142857142,0.14285714285714285,0.07142857142857142,0.14285714285714285,0.07142857142857142,0.0,0.0,0.07142857142857142,0.0,0.0,0.0,0.07142857142857142,0.07142857142857142,0.07142857142857142,0.0,0.0,0.14285714285714285
P1,0.043478260869565216,0.0,0.08695652173913043,0.043478260869565216,0.043478260869565216,0.043478260869565216,0.0,0.08695652173913043,0.0,0.043478260869565216,0.08695652173913043,0.0,0.08695652173913043,0.08695652173913043,0.043478260869565216,0.08695652173913043,0.0,0.0,0.043478260869565216,0.21739130434782608
P0,0.07142857142857142,0.21428571428571427,0.0,0.0,0.0,0.0,0.0,0.14285714285714285,0.0,0.0,0.07142857142857142,0.0,0.07142857142857142,0.14285714285714285,0.0,0.07142857142857142,0.0,0.0,0.07142857142857142,0.14285714285714285
P8,0.2,0.05,0.15,0.1,0.0,0.0,0.0,0.1,0.05,0.0,0.0,0.05,0.05,0.0,0.1,0.0,0.05,0.05,0.0,0.05
P7,0.041666666666666664,0.16666666666666666,0.08333333333333333,0.0,0.125,0.0,0.041666666666666664,0.041666666666666664,0.0,0.0,0.20833333333333334,0.08333333333333333,0.0,0.041666666666666664,0.0,0.0,0.0,0.041666666666666664,0.0,0.0
