ID,A,C,D,E,F,G,H,I,K,L,M,N,P,Q,R,S,T,V,W,Y
P3,0.08333333333333333,0.0,0.16666666666666666,0.0,0.08333333333333333,0.16666666666666666,0.0,0.16666666666666666,0.0,0.0,0.0,0.08333333333333333,0.08333333333333333,0.0,0.0,0.0,0.0,0.0,0.0,0.16666666666666666
P1,0.08695652173913043,0.0,0.08695652173913043,0.043478260869565216,0.043478260869565216,0.043478260869565216,0.0,0.08695652173913043,0.0,0.043478260869565216,0.08695652173913043,0.0,0.08695652173913043,0.08695652173913043,0.043478260869565216,0.08695652173913043,0.0,0.0,0.0,0.21739130434782608
P4,0.0625,0.0625,0.0625,0.0625,0.125,0.0625,0.125,0.0625,0.0,0.0,0.0625,0.0,0.0625,0.0,0.0625,0.0625,0.0625,0.0,0.0,0.125
P5,0.07692307692307693,0.0,0.23076923076923078,0.0,0.07692307692307693,0.038461538461538464,0.038461538461538464,0.11538461538461539,0.0,0.0,0.07692307692307693,0.0,0.0,0.038461538461538464,0.0,0.038461538461538464,0.0,0.038461538461538464,0.0,0.15384615384615385
P6,0.05555555555555555,0.05555555555555555,0.1111111111111111,0.05555555555555555,0.0,0.0,0.05555555555555555,0.05555555555555555,0.05555555555555555,0.0,0.0,0.05555555555555555,0.0,0.05555555555555555,0.05555555555555555,0.0,0.0,0.16666666666666666,0.0,0.16666666666666666
P0,0.07692307692307693,0.23076923076923078,0.0,0.0,0.0,0.0,0.0,0.15384615384615385,0.0,0.0,0.0,0.0,0.07692307692307693,0.15384615384615385,0.0,0.07692307692307693,0.0,0.0,0.07692307692307693,0.15384615384615385
P9,0.3333333333333333,0.1111111111111111,0.0,0.0,0.0,0.0,0.0,0.1111111111111111,0.0,0.0,0.0,0.2222222222222222,0.0,0.0,0.0,0.0,0.1111111111111111,0.0,0.0,0.1111111111111111
P2,0.0,0.07142857142857142,0.14285714285714285,0.0,0.07142857142857142,0.07142857142857142,0.0,0.0,0.07142857142857142,0.0,0.07142857142857142,0.0,0.14285714285714285,0.0,0.0,0.07142857142857142,0.0,0.07142857142857142,0.0,0.14285714285714285
