ID,A,C,D,E,F,G,H,I,K,L,M,N,P,Q,R,S,T,V,W,Y
P2,0.0,0.07142857142857142,0.14285714285714285,0.0,0.07142857142857142,0.14285714285714285,0.0,0.0,0.07142857142857142,0.0,0.07142857142857142,0.0,0.14285714285714285,0.0,0.0,0.07142857142857142,0.0,0.07142857142857142,0.0,0.07142857142857142
P3,0.0,0.0,0.0,0.0,0.14285714285714285,0.14285714285714285,0.0,0.2857142857142857,0.0,0.0,0.0,0.14285714285714285,0.0,0.0,0.0,0.0,0.0,0.0,0.0,0.2857142857142857
P4,0.06666666666666667,0.06666666666666667,0.06666666666666667,0.06666666666666667,0.06666666666666667,0.06666666666666667,0.13333333333333333,0.06666666666666667,0.0,0.0,0.0,0.0,0.06666666666666667,0.0,0.06666666666666667,0.06666666666666667,0.13333333333333333,0.0,0.0,0.13333333333333333
P9,0.16666666666666666,0.08333333333333333,0.08333333333333333,0.0,0.08333333333333333,0.0,0.0,0.08333333333333333,0.0,0.0,0.0,0.25,0.0,0.0,0.0,0.08333333333333333,0.08333333333333333,0.0,0.0,0.08333333333333333
P5,0.07407407407407407,0.0,0.18518518518518517,0.0,0.07407407407407407,0.037037037037037035,0.037037037037037035,0.1111111111111111,0.0,0.0,0.1111111111111111,0.0,0.0,0.037037037037037035,0.0,0.037037037037037035,0.037037037037037035,0.037037037037037035,0.0,0.14814814814814814
P6,0.05263157894736842,0.05263157894736842,0.10526315789473684,0.05263157894736842,0.0,0.0,0.05263157894736842,0.05263157894736842,0.05263157894736842,0.0,0.05263157894736842,0.05263157894736842,0.0,0.05263157894736842,0.05263157894736842,0.0,0.0,0.15789473684210525,0.0,0.15789473684210525
P0,0.07142857142857142,0.21428571428571427,0.0,0.0,0.0,0.0,0.0,0.14285714285714285,0.0,0.0,0.07142857142857142,0.0,0.07142857142857142,0.14285714285714285,0.0,0.07142857142857142,0.0,0.0,0.07142857142857142,0.14285714285714285
P1,0.045454545454545456,0.0,0.09090909090909091,0.045454545454545456,0.045454545454545456,0.045454545454545456,0.0,0.09090909090909091,0.0,0.045454545454545456,0.09090909090909091,0.0,0.09090909090909091,0.09090909090909091,0.045454545454545456,0.09090909090909091,0.0,0.0,0.0,0.22727272727272727
