ID,A,C,D,E,F,G,H,I,K,L,M,N,P,Q,R,S,T,V,W,Y
P4,0.058823529411764705,0.058823529411764705,0.058823529411764705,0.058823529411764705,0.11764705882352941,0.0,0.17647058823529413,0.058823529411764705,0.0,0.0,0.058823529411764705,0.0,0.058823529411764705,0.0,0.058823529411764705,0.058823529411764705,0.11764705882352941,0.0,0.0,0.11764705882352941
P2,0.0,0.07692307692307693,0.15384615384615385,0.0,0.07692307692307693,0.15384615384615385,0.0,0.0,0.07692307692307693,0.0,0.07692307692307693,0.0,0.07692307692307693,0.0,0.0,0.07692307692307693,0.0,0.07692307692307693,0.0,0.07692307692307693
P6,0.05263157894736842,0.05263157894736842,0.10526315789473684,0.05263157894736842,0.0,0.0,0.05263157894736842,0.05263157894736842,0.05263157894736842,0.0,0.05263157894736842,0.05263157894736842,0.0,0.05263157894736842,0.05263157894736842,0.0,0.0,0.10526315789473684,0.0,0.21052631578947367
P0,0.07142857142857142,0.21428571428571427,0.0,0.0,0.0,0.0,0.0,0.14285714285714285,0.0,0.0,0.07142857142857142,0.0,0.07142857142857142,0.14285714285714285,0.0,0.07142857142857142,0.0,0.0,0.07142857142857142,0.14285714285714285
P10,0.08333333333333333,0.0,0.125,0.125,0.08333333333333333,0.041666666666666664,0.041666666666666664,0.0,0.0,0.041666666666666664,0.0,0.125,0.041666666666666664,0.041666666666666664,0.125,0.041666666666666664,0.0,0.041666666666666664,0.0,0.16666666666666666
P3,0.1111111111111111,0.0,0.2222222222222222,0.0,0.0,0.1111111111111111,0.0,0.1111111111111111,0.0,0.0,0.0,0.1111111111111111,0.1111111111111111,0.0,0.0,0.0,0.0,0.0,0.0,0.2222222222222222
P5,0.07692307692307693,0.0,0.23076923076923078,0.0,0.038461538461538464,0.038461538461538464,0.038461538461538464,0.11538461538461539,0.0,0.0,0.11538461538461539,0.0,0.0,0.038461538461538464,0.0,0.038461538461538464,0.038461538461538464,0.038461538461538464,0.0,0.11538461538461539
P1,0.047619047619047616,0.0,0.09523809523809523,0.047619047619047616,0.047619047619047616,0.047619047619047616,0.0,0.09523809523809523,0.0,0.047619047619047616,0.047619047619047616,0.0,0.09523809523809523,0.09523809523809523,0.047619047619047616,0.047619047619047616,0.0,0.0,0.047619047619047616,0.23809523809523808
P8,0.17391304347826086,0.043478260869565216,0.13043478260869565,0.08695652173913043,0.0,0.0,0.0,0.08695652173913043,0.043478260869565216,0.043478260869565216,0.0,0.13043478260869565,0.043478260869565216,0.0,0.08695652173913043,0.0,0.043478260869565216,0.043478260869565216,0.0,0.043478260869565216
