ID,A,C,D,E,F,G,H,I,K,L,M,N,P,Q,R,S,T,V,W,Y
P3,0.09090909090909091,0.0,0.18181818181818182,0.0,0.0,0.18181818181818182,0.0,0.18181818181818182,0.0,0.0,0.0,0.09090909090909091,0.09090909090909091,0.0,0.0,0.0,0.0,0.0,0.0,0.18181818181818182
P4,0.0,0.0625,0.0625,0.0625,0.125,0.0625,0.1875,0.0625,0.0,0.0,0.0625,0.0,0.0625,0.0,0.0625,0.0625,0.125,0.0,0.0,0.0625
P1,0.09090909090909091,0.0,0.09090909090909091,0.045454545454545456,0.045454545454545456,0.045454545454545456,0.0,0.09090909090909091,0.0,0.0,0.045454545454545456,0.0,0.09090909090909091,0.09090909090909091,0.045454545454545456,0.09090909090909091,0.0,0.0,0.045454545454545456,0.22727272727272727
P2,0.0,0.08333333333333333,0.08333333333333333,0.0,0.08333333333333333,0.16666666666666666,0.0,0.0,0.08333333333333333,0.0,0.08333333333333333,0.0,0.16666666666666666,0.0,0.0,0.0,0.0,0.08333333333333333,0.0,0.08333333333333333
P0,0.07692307692307693,0.23076923076923078,0.0,0.0,0.0,0.0,0.0,0.15384615384615385,0.0,0.0,0.07692307692307693,0.0,0.07692307692307693,0.15384615384615385,0.0,0.0,0.0,0.0,0.07692307692307693,0.15384615384615385
P5,0.07692307692307693,0.0,0.19230769230769232,0.0,0.07692307692307693,0.038461538461538464,0.038461538461538464,0.11538461538461539,0.0,0.0,0.11538461538461539,0.0,0.0,0.038461538461538464,0.0,0.038461538461538464,0.038461538461538464,0.038461538461538464,0.0,0.11538461538461539
