ID,A,C,D,E,F,G,H,I,K,L,M,N,P,Q,R,S,T,V,W,Y
P2,0.0,0.0,0.14285714285714285,0.0,0.07142857142857142,0.14285714285714285,0.0,0.0,0.07142857142857142,0.0,0.07142857142857142,0.0,0.14285714285714285,0.0,0.0,0.07142857142857142,0.0,0.07142857142857142,0.0,0.14285714285714285
P1,0.09090909090909091,0.0,0.045454545454545456,0.045454545454545456,0.045454545454545456,0.045454545454545456,0.0,0.045454545454545456,0.0,0.045454545454545456,0.09090909090909091,0.0,0.09090909090909091,0.09090909090909091,0.045454545454545456,0.09090909090909091,0.0,0.0,0.045454545454545456,0.22727272727272727
P8,0.13636363636363635,0.045454545454545456,0.13636363636363635,0.09090909090909091,0.0,0.0,0.0,0.09090909090909091,0.045454545454545456,0.045454545454545456,0.0,0.13636363636363635,0.045454545454545456,0.0,0.09090909090909091,0.0,0.045454545454545456,0.045454545454545456,0.0,0.045454545454545456
P3,0.1,0.0,0.2,0.0,0.1,0.2,0.0,0.1,0.0,0.0,0.0,0.1,0.0,0.0,0.0,0.0,0.0,0.0,0.0,0.2
P7,0.043478260869565216,0.17391304347826086,0.08695652173913043,0.0,0.13043478260869565,0.0,0.043478260869565216,0.043478260869565216,0.0,0.0,0.21739130434782608,0.08695652173913043,0.0,0.043478260869565216,0.0,0.0,0.0,0.043478260869565216,0.0,0.0
P6,0.058823529411764705,0.058823529411764705,0.11764705882352941,0.058823529411764705,0.0,0.0,0.058823529411764705,0.058823529411764705,0.0,0.0,0.058823529411764705,0.0,0.0,0.058823529411764705,0.058823529411764705,0.0,0.0,0.17647058823529413,0.0,0.17647058823529413
P10,0.08333333333333333,0.0,0.16666666666666666,0.08333333333333333,0.08333333333333333,0.041666666666666664,0.041666666666666664,0.0,0.0,0.041666666666666664,0.041666666666666664,0.08333333333333333,0.041666666666666664,0.041666666666666664,0.08333333333333333,0.0,0.0,0.041666666666666664,0.041666666666666664,0.16666666666666666
P9,0.25,0.08333333333333333,0.08333333333333333,0.0,0.0,0.0,0.0,0.08333333333333333,0.0,0.0,0.0,0.25,0.0,0.0,0.0,0.08333333333333333,0.08333333333333333,0.0,0.0,0.08333333333333333
P4,0.0625,0.0625,0.0625,0.0625,0.0625,0.0625,0.1875,0.0625,0.0,0.0,0.0625,0.0,0.0625,0.0,0.0625,0.0,0.125,0.0,0.0,0.125
