ID,A,C,D,E,F,G,H,I,K,L,M,N,P,Q,R,S,T,V,W,Y
P1,0.1,0.0,0.1,0.05,0.05,0.05,0.0,0.1,0.0,0.0,0.1,0.0,0.0,0.05,0.05,0.1,0.0,0.0,0.05,0.25
P0,0.07142857142857142,0.21428571428571427,0.0,0.0,0.0,0.0,0.0,0.14285714285714285,0.0,0.0,0.07142857142857142,0.0,0.07142857142857142,0.14285714285714285,0.0,0.07142857142857142,0.0,0.0,0.07142857142857142,0.14285714285714285
P6,0.0,0.0625,0.125,0.0625,0.0,0.0,0.0625,0.0625,0.0625,0.0,0.0625,0.0625,0.0,0.0,0.0625,0.0,0.0,0.125,0.0,0.1875
P5,0.045454545454545456,0.0,0.18181818181818182,0.0,0.09090909090909091,0.045454545454545456,0.045454545454545456,0.09090909090909091,0.0,0.0,0.13636363636363635,0.0,0.0,0.045454545454545456,0.0,0.0,0.0,0.045454545454545456,0.0,0.18181818181818182
P9,0.23076923076923078,0.07692307692307693,0.07692307692307693,0.0,0.07692307692307693,0.0,0.0,0.07692307692307693,0.0,0.0,0.0,0.23076923076923078,0.0,0.0,0.0,0.07692307692307693,0.07692307692307693,0.0,0.0,0.07692307692307693
P4,0.06666666666666667,0.06666666666666667,0.06666666666666667,0.0,0.13333333333333333,0.06666666666666667,0.2,0.06666666666666667,0.0,0.0,0.0,0.0,0.0,0.0,0.0,0.06666666666666667,0.13333333333333333,0.0,0.0,0.13333333333333333
P3,0.08333333333333333,0.0,0.16666666666666666,0.0,0.08333333333333333,0.16666666666666666,0.0,0.16666666666666666,0.0,0.0,0.0,0.08333333333333333,0.08333333333333333,0.0,0.0,0.0,0.0,0.0,0.0,0.16666666666666666
P7,0.043478260869565216,0.17391304347826086,0.08695652173913043,0.0,0.13043478260869565,0.0,0.0,0.043478260869565216,0.0,0.0,0.21739130434782608,0.08695652173913043,0.0,0.043478260869565216,0.0,0.0,0.0,0.043478260869565216,0.0,0.0
