ID,A,C,D,E,F,G,H,I,K,L,M,N,P,Q,R,S,T,V,W,Y
P2,0.0,0.08333333333333333,0.16666666666666666,0.0,0.08333333333333333,0.16666666666666666,0.0,0.0,0.08333333333333333,0.0,0.08333333333333333,0.0,0.16666666666666666,0.0,0.0,0.08333333333333333,0.0,0.0,0.0,0.08333333333333333
P4,0.05555555555555555,0.05555555555555555,0.05555555555555555,0.05555555555555555,0.1111111111111111,0.05555555555555555,0.16666666666666666,0.05555555555555555,0.0,0.0,0.05555555555555555,0.0,0.05555555555555555,0.0,0.05555555555555555,0.05555555555555555,0.1111111111111111,0.0,0.0,0.1111111111111111
P5,0.043478260869565216,0.0,0.2608695652173913,0.0,0.043478260869565216,0.043478260869565216,0.043478260869565216,0.08695652173913043,0.0,0.0,0.08695652173913043,0.0,0.0,0.0,0.0,0.043478260869565216,0.043478260869565216,0.043478260869565216,0.0,0.17391304347826086
P3,0.09090909090909091,0.0,0.18181818181818182,0.0,0.09090909090909091,0.18181818181818182,0.0,0.18181818181818182,0.0,0.0,0.0,0.09090909090909091,0.0,0.0,0.0,0.0,0.0,0.0,0.0,0.18181818181818182
P7,0.041666666666666664,0.16666666666666666,0.08333333333333333,0.0,0.125,0.0,0.041666666666666664,0.041666666666666664,0.0,0.0,0.20833333333333334,0.08333333333333333,0.0,0.041666666666666664,0.0,0.0,0.0,0.041666666666666664,0.0,0.0
P1,0.045454545454545456,0.0,0.09090909090909091,0.045454545454545456,0.045454545454545456,0.045454545454545456,0.0,0.09090909090909091,0.0,0.045454545454545456,0.09090909090909091,0.0,0.09090909090909091,0.045454545454545456,0.045454545454545456,0.09090909090909091,0.0,0.0,0.045454545454545456,0.22727272727272727
P6,0.05,0.05,0.1,0.05,0.0,0.0,0.05,0.05,0.05,0.0,0.05,0.05,0.0,0.05,0.05,0.0,0.0,0.15,0.0,0.2
P10,0.10714285714285714,0.0,0.14285714285714285,0.10714285714285714,0.07142857142857142,0.03571428571428571,0.03571428571428571,0.0,0.0,0.03571428571428571,0.03571428571428571,0.10714285714285714,0.03571428571428571,0.03571428571428571,0.10714285714285714,0.03571428571428571,0.0,0.03571428571428571,0.03571428571428571,0.14285714285714285
P8,0.15,0.05,0.1,0.1,0.0,0.0,0.0,0.1,0.05,0.05,0.0,0.15,0.05,0.0,0.1,0.0,0.05,0.0,0.0,0.05
