ID,A,C,D,E,F,G,H,I,K,L,M,N,P,Q,R,S,T,V,W,Y
P3,0.09090909090909091,0.0,0.18181818181818182,0.0,0.09090909090909091,0.18181818181818182,0.0,0.18181818181818182,0.0,0.0,0.0,0.09090909090909091,0.09090909090909091,0.0,0.0,0.0,0.0,0.0,0.0,0.09090909090909091
P6,0.05555555555555555,0.05555555555555555,0.1111111111111111,0.0,0.0,0.0,0.05555555555555555,0.05555555555555555,0.05555555555555555,0.0,0.05555555555555555,0.05555555555555555,0.0,0.05555555555555555,0.0,0.0,0.0,0.16666666666666666,0.0,0.2222222222222222
P2,0.0,0.07692307692307693,0.15384615384615385,0.0,0.07692307692307693,0.15384615384615385,0.0,0.0,0.07692307692307693,0.0,0.0,0.0,0.15384615384615385,0.0,0.0,0.07692307692307693,0.0,0.0,0.0,0.15384615384615385
P4,0.05555555555555555,0.05555555555555555,0.05555555555555555,0.05555555555555555,0.1111111111111111,0.05555555555555555,0.16666666666666666,0.05555555555555555,0.0,0.0,0.05555555555555555,0.0,0.05555555555555555,0.0,0.05555555555555555,0.05555555555555555,0.1111111111111111,0.0,0.0,0.1111111111111111
P8,0.19047619047619047,0.047619047619047616,0.09523809523809523,0.09523809523809523,0.0,0.0,0.0,0.09523809523809523,0.047619047619047616,0.047619047619047616,0.0,0.14285714285714285,0.047619047619047616,0.0,0.09523809523809523,0.0,0.047619047619047616,0.0,0.0,0.047619047619047616
P10,0.08695652173913043,0.0,0.08695652173913043,0.13043478260869565,0.08695652173913043,0.043478260869565216,0.043478260869565216,0.0,0.0,0.043478260869565216,0.043478260869565216,0.08695652173913043,0.043478260869565216,0.043478260869565216,0.13043478260869565,0.043478260869565216,0.0,0.043478260869565216,0.043478260869565216,0.13043478260869565
P7,0.05555555555555555,0.16666666666666666,0.1111111111111111,0.0,0.05555555555555555,0.0,0.0,0.05555555555555555,0.0,0.0,0.2222222222222222,0.1111111111111111,0.0,0.05555555555555555,0.0,0.0,0.0,0.05555555555555555,0.0,0.0
P5,0.08,0.0,0.2,0.0,0.08,0.04,0.04,0.12,0.0,0.0,0.12,0.0,0.0,0.04,0.0,0.04,0.04,0.04,0.0,0.08
