ID,A,C,D,E,F,G,H,I,K,L,M,N,P,Q,R,S,T,V,W,Y
P4,0.058823529411764705,0.058823529411764705,0.058823529411764705,0.058823529411764705,0.11764705882352941,0.058823529411764705,0.11764705882352941,0.058823529411764705,0.0,0.0,0.058823529411764705,0.0,0.058823529411764705,0.0,0.058823529411764705,0.058823529411764705,0.11764705882352941,0.0,0.0,0.11764705882352941
P6,0.0625,0.0,0.125,0.0,0.0,0.0,0.0625,0.0625,0.0,0.0,0.0625,0.0625,0.0,0.0625,0.0,0.0,0.0,0.125,0.0,0.25
P1,0.08695652173913043,0.0,0.08695652173913043,0.043478260869565216,0.043478260869565216,0.043478260869565216,0.0,0.08695652173913043,0.0,0.043478260869565216,0.08695652173913043,0.0,0.08695652173913043,0.08695652173913043,0.043478260869565216,0.043478260869565216,0.0,0.0,0.043478260869565216,0.21739130434782608
P2,0.0,0.06666666666666667,0.13333333333333333,0.0,0.06666666666666667,0.13333333333333333,0.0,0.0,0.06666666666666667,0.0,0.06666666666666667,0.0,0.13333333333333333,0.0,0.0,0.06666666666666667,0.0,0.06666666666666667,0.0,0.13333333333333333
P3,0.09090909090909091,0.0,0.18181818181818182,0.0,0.09090909090909091,0.18181818181818182,0.0,0.09090909090909091,0.0,0.0,0.0,0.09090909090909091,0.09090909090909091,0.0,0.0,0.0,0.0,0.0,0.0,0.18181818181818182
P10,0.11538461538461539,0.0,0.11538461538461539,0.11538461538461539,0.07692307692307693,0.0,0.038461538461538464,0.0,0.0,0.038461538461538464,0.038461538461538464,0.11538461538461539,0.038461538461538464,0.038461538461538464,0.11538461538461539,0.038461538461538464,0.0,0.038461538461538464,0.038461538461538464,0.15384615384615385
P8,0.19047619047619047,0.047619047619047616,0.14285714285714285,0.047619047619047616,0.0,0.0,0.0,0.09523809523809523,0.047619047619047616,0.047619047619047616,0.0,0.14285714285714285,0.0,0.0,0.047619047619047616,0.0,0.047619047619047616,0.047619047619047616,0.0,0.047619047619047616
P5,0.041666666666666664,0.0,0.20833333333333334,0.0,0.08333333333333333,0.041666666666666664,0.041666666666666664,0.08333333333333333,0.0,0.0,0.125,0.0,0.0,0.041666666666666664,0.0,0.0,0.041666666666666664,0.041666666666666664,0.0,0.16666666666666666
P0,0.08333333333333333,0.25,0.0,0.0,0.0,0.0,0.0,0.08333333333333333,0.0,0.0,0.08333333333333333,0.0,0.08333333333333333,0.16666666666666666,0.0,0.08333333333333333,0.0,0.0,0.08333333333333333,0.08333333333333333
