ID,A,C,D,E,F,G,H,I,K,L,M,N,P,Q,R,S,T,V,W,Y
P10,0.11538461538461539,0.0,0.11538461538461539,0.11538461538461539,0.07692307692307693,0.038461538461538464,0.038461538461538464,0.0,0.0,0.038461538461538464,0.038461538461538464,0.11538461538461539,0.038461538461538464,0.038461538461538464,0.11538461538461539,0.038461538461538464,0.0,0.038461538461538464,0.0,0.15384615384615385
P5,0.08,0.0,0.2,0.0,0.08,0.0,0.04,0.12,0.0,0.0,0.12,0.0,0.0,0.04,0.0,0.04,0.04,0.04,0.0,0.12
P9,0.25,0.08333333333333333,0.08333333333333333,0.0,0.08333333333333333,0.0,0.0,0.08333333333333333,0.0,0.0,0.0,0.25,0.0,0.0,0.0,0.08333333333333333,0.08333333333333333,0.0,0.0,0.0
P0,0.0,0.25,0.0,0.0,0.0,0.0,0.0,0.16666666666666666,0.0,0.0,0.08333333333333333,0.0,0.0,0.16666666666666666,0.0,0.08333333333333333,0.0,0.0,0.08333333333333333,0.16666666666666666
P4,0.0625,0.0625,0.0625,0.0625,0.125,0.0625,0.125,0.0625,0.0,0.0,0.0625,0.0,0.0,0.0,0.0625,0.0625,0.125,0.0,0.0,0.125
P1,0.1,0.0,0.1,0.0,0.05,0.05,0.0,0.05,0.0,0.05,0.1,0.0,0.1,0.05,0.0,0.05,0.0,0.0,0.05,0.25
P6,0.058823529411764705,0.058823529411764705,0.11764705882352941,0.0,0.0,0.0,0.058823529411764705,0.058823529411764705,0.058823529411764705,0.0,0.058823529411764705,0.058823529411764705,0.0,0.058823529411764705,0.0,0.0,0.0,0.058823529411764705,0.0,0.23529411764705882
P3,0.09090909090909091,0.0,0.18181818181818182,0.0,0.09090909090909091,0.18181818181818182,0.0,0.18181818181818182,0.0,0.0,0.0,0.0,0.09090909090909091,0.0,0.0,0.0,0.0,0.0,0.0,0.18181818181818182
P7,0.047619047619047616,0.19047619047619047,0.09523809523809523,0.0,0.047619047619047616,0.0,0.047619047619047616,0.047619047619047616,0.0,0.0,0.23809523809523808,0.09523809523809523,0.0,0.0,0.0,0.0,0.0,0.047619047619047616,0.0,0.0
P8,0.15,0.05,0.15,0.1,0.0,0.0,0.0,0.1,0.0,0.05,0.0,0.15,0.05,0.0,0.1,0.0,0.05,0.0,0.0,0.05
