ID,A,C,D,E,F,G,H,I,K,L,M,N,P,Q,R,S,T,V,W,Y
P8,0.18181818181818182,0.045454545454545456,0.13636363636363635,0.09090909090909091,0.0,0.0,0.0,0.09090909090909091,0.045454545454545456,0.045454545454545456,0.0,0.13636363636363635,0.045454545454545456,0.0,0.09090909090909091,0.0,0.045454545454545456,0.045454545454545456,0.0,0.0
P9,0.25,0.08333333333333333,0.08333333333333333,0.0,0.08333333333333333,0.0,0.0,0.08333333333333333,0.0,0.0,0.0,0.16666666666666666,0.0,0.0,0.0,0.08333333333333333,0.08333333333333333,0.0,0.0,0.08333333333333333
P6,0.05263157894736842,0.05263157894736842,0.10526315789473684,0.05263157894736842,0.0,0.0,0.05263157894736842,0.05263157894736842,0.05263157894736842,0.0,0.05263157894736842,0.05263157894736842,0.0,0.0,0.05263157894736842,0.0,0.0,0.15789473684210525,0.0,0.21052631578947367
P4,0.0625,0.0625,0.0625,0.0,0.125,0.0625,0.1875,0.0,0.0,0.0,0.0625,0.0,0.0625,0.0,0.0,0.0625,0.125,0.0,0.0,0.125
P3,0.08333333333333333,0.0,0.16666666666666666,0.0,0.08333333333333333,0.16666666666666666,0.0,0.16666666666666666,0.0,0.0,0.0,0.08333333333333333,0.08333333333333333,0.0,0.0,0.0,0.0,0.0,0.0,0.16666666666666666
P2,0.0,0.08333333333333333,0.08333333333333333,0.0,0.08333333333333333,0.16666666666666666,0.0,0.0,0.0,0.0,0.08333333333333333,0.0,0.16666666666666666,0.0,0.0,0.08333333333333333,0.0,0.08333333333333333,0.0,0.16666666666666666
P1,0.09523809523809523,0.0,0.09523809523809523,0.047619047619047616,0.047619047619047616,0.047619047619047616,0.0,0.09523809523809523,0.0,0.0,0.09523809523809523,0.0,0.09523809523809523,0.09523809523809523,0.047619047619047616,0.09523809523809523,0.0,0.0,0.047619047619047616,0.14285714285714285
P0,0.09090909090909091,0.18181818181818182,0.0,0.0,0.0,0.0,0.0,0.18181818181818182,0.0,0.0,0.09090909090909091,0.0,0.0,0.18181818181818182,0.0,0.09090909090909091,0.0,0.0,0.0,0.18181818181818182
P5,0.07692307692307693,0.0,0.19230769230769232,0.0,0.07692307692307693,0.038461538461538464,0.038461538461538464,0.11538461538461539,0.0,0.0,0.11538461538461539,0.0,0.0,0.038461538461538464,0.0,0.038461538461538464,0.038461538461538464,0.0,0.0,0.15384615384615385
