ID,A,C,D,E,F,G,H,I,K,L,M,N,P,Q,R,S,T,V,W,Y
P3,0.08333333333333333,0.0,0.16666666666666666,0.0,0.08333333333333333,0.16666666666666666,0.0,0.16666666666666666,0.0,0.0,0.0,0.08333333333333333,0.08333333333333333,0.0,0.0,0.0,0.0,0.0,0.0,0.16666666666666666
P10,0.12,0.0,0.12,0.12,0.04,0.04,0.04,0.0,0.0,0.04,0.04,0.12,0.04,0.04,0.12,0.04,0.0,0.0,0.04,0.16
P6,0.058823529411764705,0.058823529411764705,0.058823529411764705,0.058823529411764705,0.0,0.0,0.058823529411764705,0.0,0.058823529411764705,0.0,0.058823529411764705,0.0,0.0,0.058823529411764705,0.058823529411764705,0.0,0.0,0.17647058823529413,0.0,0.23529411764705882
P5,0.07142857142857142,0.0,0.21428571428571427,0.0,0.07142857142857142,0.03571428571428571,0.03571428571428571,0.10714285714285714,0.0,0.0,0.10714285714285714,0.0,0.0,0.03571428571428571,0.0,0.03571428571428571,0.03571428571428571,0.03571428571428571,0.0,0.14285714285714285
P9,0.23076923076923078,0.07692307692307693,0.07692307692307693,0.0,0.07692307692307693,0.0,0.0,0.07692307692307693,0.0,0.0,0.0,0.23076923076923078,0.0,0.0,0.0,0.07692307692307693,0.07692307692307693,0.0,0.0,0.07692307692307693
P0,0.08333333333333333,0.25,0.0,0.0,0.0,0.0,0.0,0.16666666666666666,0.0,0.0,0.0,0.0,0.08333333333333333,0.08333333333333333,0.0,0.08333333333333333,0.0,0.0,0.08333333333333333,0.16666666666666666
P8,0.18181818181818182,0.045454545454545456,0.13636363636363635,0.09090909090909091,0.0,0.0,0.0,0.09090909090909091,0.045454545454545456,0.045454545454545456,0.0,0.13636363636363635,0.045454545454545456,0.0,0.09090909090909091,0.0,0.045454545454545456,0.045454545454545456,0.0,0.0
P4,0.07142857142857142,0.0,0.07142857142857142,0.07142857142857142,0.07142857142857142,0.0,0.21428571428571427,0.07142857142857142,0.0,0.0,0.07142857142857142,0.0,0.07142857142857142,0.0,0.07142857142857142,0.07142857142857142,0.07142857142857142,0.0,0.0,0.14285714285714285
P1,0.1,0.0,0.05,0.05,0.05,0.05,0.0,0.05,0.0,0.05,0.05,0.0,0.1,0.1,0.05,0.1,0.0,0.0,0.05,0.2
