ID,A,C,D,E,F,G,H,I,K,L,M,N,P,Q,R,S,T,V,W,Y
P6,0.05263157894736842,0.05263157894736842,0.10526315789473684,0.05263157894736842,0.0,0.0,0.05263157894736842,0.05263157894736842,0.05263157894736842,0.0,0.05263157894736842,0.0,0.0,0.05263157894736842,0.05263157894736842,0.0,0.0,0.15789473684210525,0.0,0.21052631578947367
P1,0.045454545454545456,0.0,0.09090909090909091,0.045454545454545456,0.045454545454545456,0.0,0.0,0.09090909090909091,0.0,0.045454545454545456,0.09090909090909091,0.0,0.09090909090909091,0.09090909090909091,0.045454545454545456,0.09090909090909091,0.0,0.0,0.045454545454545456,0.22727272727272727
P5,0.07692307692307693,0.0,0.23076923076923078,0.0,0.038461538461538464,0.038461538461538464,0.038461538461538464,0.11538461538461539,0.0,0.0,0.11538461538461539,0.0,0.0,0.038461538461538464,0.0,0.038461538461538464,0.038461538461538464,0.038461538461538464,0.0,0.15384615384615385
P2,0.0,0.07142857142857142,0.14285714285714285,0.0,0.07142857142857142,0.14285714285714285,0.0,0.0,0.07142857142857142,0.0,0.07142857142857142,0.0,0.07142857142857142,0.0,0.0,0.07142857142857142,0.0,0.07142857142857142,0.0,0.14285714285714285
P3,0.1,0.0,0.2,0.0,0.1,0.2,0.0,0.2,0.0,0.0,0.0,0.1,0.1,0.0,0.0,0.0,0.0,0.0,0.0,0.0
