ID,A,C,D,E,F,G,H,I,K,L,M,N,P,Q,R,S,T,V,W,Y
P1,0.1,0.0,0.05,0.05,0.05,0.05,0.0,0.1,0.0,0.05,0.1,0.0,0.1,0.05,0.05,0.05,0.0,0.0,0.05,0.2
P4,0.07142857142857142,0.07142857142857142,0.07142857142857142,0.07142857142857142,0.07142857142857142,0.07142857142857142,0.07142857142857142,0.07142857142857142,0.0,0.0,0.07142857142857142,0.0,0.07142857142857142,0.0,0.07142857142857142,0.07142857142857142,0.07142857142857142,0.0,0.0,0.14285714285714285
P6,0.058823529411764705,0.058823529411764705,0.11764705882352941,0.0,0.0,0.0,0.058823529411764705,0.058823529411764705,0.0,0.0,0.058823529411764705,0.058823529411764705,0.0,0.058823529411764705,0.0,0.0,0.0,0.11764705882352941,0.0,0.23529411764705882
P5,0.08695652173913043,0.0,0.13043478260869565,0.0,0.043478260869565216,0.043478260869565216,0.043478260869565216,0.13043478260869565,0.0,0.0,0.13043478260869565,0.0,0.0,0.043478260869565216,0.0,0.043478260869565216,0.043478260869565216,0.043478260869565216,0.0,0.17391304347826086
P9,0.23076923076923078,0.07692307692307693,0.07692307692307693,0.0,0.07692307692307693,0.0,0.0,0.07692307692307693,0.0,0.0,0.0,0.23076923076923078,0.0,0.0,0.0,0.07692307692307693,0.07692307692307693,0.0,0.0,0.07692307692307693
P8,0.1,0.05,0.15,0.1,0.0,0.0,0.0,0.05,0.05,0.05,0.0,0.15,0.05,0.0,0.1,0.0,0.05,0.05,0.0,0.05
P0,0.07692307692307693,0.23076923076923078,0.0,0.0,0.0,0.0,0.0,0.15384615384615385,0.0,0.0,0.07692307692307693,0.0,0.07692307692307693,0.15384615384615385,0.0,0.0,0.0,0.0,0.07692307692307693,0.15384615384615385
P2,0.0,0.06666666666666667,0.13333333333333333,0.0,0.06666666666666667,0.13333333333333333,0.0,0.0,0.06666666666666667,0.0,0.06666666666666667,0.0,0.13333333333333333,0.0,0.0,0.06666666666666667,0.0,0.06666666666666667,0.0,0.13333333333333333
