ID,A,C,D,E,F,G,H,I,K,L,M,N,P,Q,R,S,T,V,W,Y
P2,0.0,0.07142857142857142,0.14285714285714285,0.0,0.0,0.14285714285714285,0.0,0.0,0.07142857142857142,0.0,0.07142857142857142,0.0,0.14285714285714285,0.0,0.0,0.07142857142857142,0.0,0.07142857142857142,0.0,0.14285714285714285
P6,0.07142857142857142,0.0,0.07142857142857142,0.07142857142857142,0.0,0.0,0.07142857142857142,0.0,0.0,0.0,0.07142857142857142,0.0,0.0,0.07142857142857142,0.07142857142857142,0.0,0.0,0.14285714285714285,0.0,0.2857142857142857
P10,0.125,0.0,0.16666666666666666,0.08333333333333333,0.08333333333333333,0.041666666666666664,0.041666666666666664,0.0,0.0,0.041666666666666664,0.041666666666666664,0.08333333333333333,0.041666666666666664,0.041666666666666664,0.08333333333333333,0.041666666666666664,0.0,0.0,0.041666666666666664,0.125
P9,0.2,0.1,0.1,0.0,0.0,0.0,0.0,0.1,0.0,0.0,0.0,0.3,0.0,0.0,0.0,0.0,0.1,0.0,0.0,0.1
P0,0.09090909090909091,0.2727272727272727,0.0,0.0,0.0,0.0,0.0,0.09090909090909091,0.0,0.0,0.09090909090909091,0.0,0.09090909090909091,0.18181818181818182,0.0,0.0,0.0,0.0,0.09090909090909091,0.09090909090909091
P1,0.09090909090909091,0.0,0.045454545454545456,0.0,0.045454545454545456,0.045454545454545456,0.0,0.09090909090909091,0.0,0.045454545454545456,0.09090909090909091,0.0,0.09090909090909091,0.09090909090909091,0.0,0.09090909090909091,0.0,0.0,0.045454545454545456,0.22727272727272727
P3,0.1,0.0,0.1,0.0,0.1,0.1,0.0,0.2,0.0,0.0,0.0,0.1,0.1,0.0,0.0,0.0,0.0,0.0,0.0,0.2
P5,0.08333333333333333,0.0,0.20833333333333334,0.0,0.08333333333333333,0.041666666666666664,0.0,0.125,0.0,0.0,0.125,0.0,0.0,0.041666666666666664,0.0,0.041666666666666664,0.0,0.041666666666666664,0.0,0.16666666666666666
P4,0.05555555555555555,0.05555555555555555,0.05555555555555555,0.05555555555555555,0.1111111111111111,0.05555555555555555,0.16666666666666666,0.05555555555555555,0.0,0.0,0.05555555555555555,0.0,0.05555555555555555,0.0,0.05555555555555555,0.05555555555555555,0.1111111111111111,0.0,0.0,0.1111111111111111
