ID,A,C,D,E,F,G,H,I,K,L,M,N,P,Q,R,S,T,V,W,Y
P6,0.05263157894736842,0.05263157894736842,0.10526315789473684,0.05263157894736842,0.0,0.0,0.05263157894736842,0.05263157894736842,0.05263157894736842,0.0,0.05263157894736842,0.05263157894736842,0.0,0.05263157894736842,0.05263157894736842,0.0,0.0,0.15789473684210525,0.0,0.15789473684210525
P7,0.045454545454545456,0.18181818181818182,0.09090909090909091,0.0,0.13636363636363635,0.0,0.045454545454545456,0.045454545454545456,0.0,0.0,0.13636363636363635,0.09090909090909091,0.0,0.045454545454545456,0.0,0.0,0.0,0.045454545454545456,0.0,0.0
P1,0.10526315789473684,0.0,0.10526315789473684,0.05263157894736842,0.0,0.0,0.0,0.10526315789473684,0.0,0.0,0.10526315789473684,0.0,0.05263157894736842,0.10526315789473684,0.05263157894736842,0.10526315789473684,0.0,0.0,0.05263157894736842,0.21052631578947367
P4,0.058823529411764705,0.058823529411764705,0.058823529411764705,0.058823529411764705,0.058823529411764705,0.058823529411764705,0.17647058823529413,0.058823529411764705,0.0,0.0,0.058823529411764705,0.0,0.058823529411764705,0.0,0.058823529411764705,0.058823529411764705,0.11764705882352941,0.0,0.0,0.11764705882352941
P2,0.0,0.06666666666666667,0.13333333333333333,0.0,0.06666666666666667,0.13333333333333333,0.0,0.0,0.06666666666666667,0.0,0.06666666666666667,0.0,0.13333333333333333,0.0,0.0,0.06666666666666667,0.0,0.06666666666666667,0.0,0.13333333333333333
P5,0.04,0.0,0.24,0.0,0.08,0.04,0.04,0.12,0.0,0.0,0.12,0.0,0.0,0.04,0.0,0.04,0.04,0.04,0.0,0.12
P3,0.1111111111111111,0.0,0.1111111111111111,0.0,0.1111111111111111,0.1111111111111111,0.0,0.1111111111111111,0.0,0.0,0.0,0.1111111111111111,0.1111111111111111,0.0,0.0,0.0,0.0,0.0,0.0,0.2222222222222222
P0,0.0,0.23076923076923078,0.0,0.0,0.0,0.0,0.0,0.15384615384615385,0.0,0.0,0.07692307692307693,0.0,0.07692307692307693,0.15384615384615385,0.0,0.07692307692307693,0.0,0.0,0.07692307692307693,0.15384615384615385
P10,0.08333333333333333,0.0,0.125,0.125,0.08333333333333333,0.041666666666666664,0.041666666666666664,0.0,0.0,0.041666666666666664,0.041666666666666664,0.08333333333333333,0.041666666666666664,0.041666666666666664,0.125,0.041666666666666664,0.0,0.041666666666666664,0.0,0.16666666666666666
