ID,A,C,D,E,F,G,H,I,K,L,M,N,P,Q,R,S,T,V,W,Y
P0,0.07142857142857142,0.21428571428571427,0.0,0.0,0.0,0.0,0.0,0.14285714285714285,0.0,0.0,0.07142857142857142,0.0,0.07142857142857142,0.14285714285714285,0.0,0.07142857142857142,0.0,0.0,0.07142857142857142,0.14285714285714285
P6,0.058823529411764705,0.058823529411764705,0.11764705882352941,0.058823529411764705,0.0,0.0,0.058823529411764705,0.058823529411764705,0.058823529411764705,0.0,0.058823529411764705,0.058823529411764705,0.0,0.058823529411764705,0.058823529411764705,0.0,0.0,0.11764705882352941,0.0,0.17647058823529413
P7,0.0,0.15,0.1,0.0,0.1,0.0,0.05,0.05,0.0,0.0,0.25,0.1,0.0,0.0,0.0,0.0,0.0,0.05,0.0,0.0
P8,0.19047619047619047,0.047619047619047616,0.14285714285714285,0.09523809523809523,0.0,0.0,0.0,0.09523809523809523,0.047619047619047616,0.047619047619047616,0.0,0.09523809523809523,0.047619047619047616,0.0,0.09523809523809523,0.0,0.047619047619047616,0.047619047619047616,0.0,0.047619047619047616
P4,0.058823529411764705,0.058823529411764705,0.058823529411764705,0.058823529411764705,0.11764705882352941,0.058823529411764705,0.17647058823529413,0.058823529411764705,0.0,0.0,0.058823529411764705,0.0,0.058823529411764705,0.0,0.058823529411764705,0.058823529411764705,0.058823529411764705,0.0,0.0,0.11764705882352941
P3,0.09090909090909091,0.0,0.18181818181818182,0.0,0.09090909090909091,0.18181818181818182,0.0,0.18181818181818182,0.0,0.0,0.0,0.09090909090909091,0.0,0.0,0.0,0.0,0.0,0.0,0.0,0.18181818181818182
P1,0.043478260869565216,0.0,0.08695652173913043,0.043478260869565216,0.043478260869565216,0.043478260869565216,0.0,0.08695652173913043,0.0,0.043478260869565216,0.08695652173913043,0.0,0.08695652173913043,0.08695652173913043,0.043478260869565216,0.08695652173913043,0.0,0.0,0.043478260869565216,0.21739130434782608
P2,0.0,0.07142857142857142,0.14285714285714285,0.0,0.07142857142857142,0.14285714285714285,0.0,0.0,0.07142857142857142,0.0,0.07142857142857142,0.0,0.14285714285714285,0.0,0.0,0.07142857142857142,0.0,0.07142857142857142,0.0,0.14285714285714285
P5,0.07692307692307693,0.0,0.15384615384615385,0.0,0.07692307692307693,0.038461538461538464,0.038461538461538464,0.11538461538461539,0.0,0.0,0.11538461538461539,0.0,0.0,0.038461538461538464,0.0,0.038461538461538464,0.038461538461538464,0.038461538461538464,0.0,0.15384615384615385
P10,0.08,0.0,0.16,0.12,0.08,0.04,0.04,0.0,0.0,0.04,0.04,0.08,0.04,0.04,0.12,0.04,0.0,0.04,0.04,0.12
