ID,A,C,D,E,F,G,H,I,K,L,M,N,P,Q,R,S,T,V,W,Y
P9,0.25,0.08333333333333333,0.08333333333333333,0.0,0.08333333333333333,0.0,0.0,0.08333333333333333,0.0,0.0,0.0,0.16666666666666666,0.0,0.0,0.0,0.08333333333333333,0.08333333333333333,0.0,0.0,0.08333333333333333
P6,0.058823529411764705,0.058823529411764705,0.058823529411764705,0.058823529411764705,0.0,0.0,0.0,0.058823529411764705,0.058823529411764705,0.0,0.058823529411764705,0.058823529411764705,0.0,0.058823529411764705,0.058823529411764705,0.0,0.0,0.17647058823529413,0.0,0.17647058823529413
P5,0.08695652173913043,0.0,0.21739130434782608,0.0,0.043478260869565216,0.043478260869565216,0.043478260869565216,0.08695652173913043,0.0,0.0,0.08695652173913043,0.0,0.0,0.043478260869565216,0.0,0.043478260869565216,0.043478260869565216,0.043478260869565216,0.0,0.17391304347826086
P0,0.08333333333333333,0.16666666666666666,0.0,0.0,0.0,0.0,0.0,0.08333333333333333,0.0,0.0,0.08333333333333333,0.0,0.08333333333333333,0.16666666666666666,0.0,0.08333333333333333,0.0,0.0,0.08333333333333333,0.16666666666666666
P2,0.0,0.07142857142857142,0.14285714285714285,0.0,0.07142857142857142,0.07142857142857142,0.0,0.0,0.07142857142857142,0.0,0.07142857142857142,0.0,0.14285714285714285,0.0,0.0,0.07142857142857142,0.0,0.07142857142857142,0.0,0.14285714285714285
P3,0.1111111111111111,0.0,0.1111111111111111,0.0,0.1111111111111111,0.2222222222222222,0.0,0.1111111111111111,0.0,0.0,0.0,0.0,0.1111111111111111,0.0,0.0,0.0,0.0,0.0,0.0,0.2222222222222222
P4,0.058823529411764705,0.058823529411764705,0.058823529411764705,0.0,0.11764705882352941,0.058823529411764705,0.17647058823529413,0.058823529411764705,0.0,0.0,0.058823529411764705,0.0,0.058823529411764705,0.0,0.0,0.058823529411764705,0.11764705882352941,0.0,0.0,0.11764705882352941
P1,0.08695652173913043,0.0,0.08695652173913043,0.043478260869565216,0.043478260869565216,0.043478260869565216,0.0,0.08695652173913043,0.0,0.043478260869565216,0.08695652173913043,0.0,0.043478260869565216,0.08695652173913043,0.043478260869565216,0.08695652173913043,0.0,0.0,0.043478260869565216,0.21739130434782608
P7,0.05,0.15,0.1,0.0,0.15,0.0,0.0,0.05,0.0,0.0,0.25,0.05,0.0,0.05,0.0,0.0,0.0,0.05,0.0,0.0
