ID,A,C,D,E,F,G,H,I,K,L,M,N,P,Q,R,S,T,V,W,Y
P6,0.05555555555555555,0.05555555555555555,0.1111111111111111,0.05555555555555555,0.0,0.0,0.05555555555555555,0.05555555555555555,0.05555555555555555,0.0,0.05555555555555555,0.05555555555555555,0.0,0.05555555555555555,0.05555555555555555,0.0,0.0,0.1111111111111111,0.0,0.16666666666666666
P0,0.07142857142857142,0.21428571428571427,0.0,0.0,0.0,0.0,0.0,0.14285714285714285,0.0,0.0,0.07142857142857142,0.0,0.07142857142857142,0.14285714285714285,0.0,0.07142857142857142,0.0,0.0,0.07142857142857142,0.14285714285714285
P4,0.06666666666666667,0.06666666666666667,0.0,0.06666666666666667,0.06666666666666667,0.06666666666666667,0.2,0.06666666666666667,0.0,0.0,0.06666666666666667,0.0,0.06666666666666667,0.0,0.06666666666666667,0.06666666666666667,0.06666666666666667,0.0,0.0,0.13333333333333333
P10,0.11538461538461539,0.0,0.11538461538461539,0.11538461538461539,0.07692307692307693,0.038461538461538464,0.038461538461538464,0.0,0.0,0.038461538461538464,0.038461538461538464,0.11538461538461539,0.038461538461538464,0.038461538461538464,0.11538461538461539,0.038461538461538464,0.0,0.038461538461538464,0.038461538461538464,0.11538461538461539
P7,0.045454545454545456,0.18181818181818182,0.09090909090909091,0.0,0.13636363636363635,0.0,0.045454545454545456,0.045454545454545456,0.0,0.0,0.18181818181818182,0.045454545454545456,0.0,0.045454545454545456,0.0,0.0,0.0,0.045454545454545456,0.0,0.0
P3,0.0,0.0,0.2,0.0,0.1,0.2,0.0,0.2,0.0,0.0,0.0,0.1,0.0,0.0,0.0,0.0,0.0,0.0,0.0,0.2
P2,0.0,0.06666666666666667,0.13333333333333333,0.0,0.06666666666666667,0.13333333333333333,0.0,0.0,0.06666666666666667,0.0,0.06666666666666667,0.0,0.13333333333333333,0.0,0.0,0.06666666666666667,0.0,0.06666666666666667,0.0,0.13333333333333333
