ID,A,C,D,E,F,G,H,I,K,L,M,N,P,Q,R,S,T,V,W,Y
P8,0.2,0.05,0.1,0.05,0.0,0.0,0.0,0.1,0.0,0.05,0.0,0.15,0.05,0.0,0.05,0.0,0.05,0.05,0.0,0.05
P4,0.05555555555555555,0.05555555555555555,0.05555555555555555,0.05555555555555555,0.1111111111111111,0.05555555555555555,0.16666666666666666,0.05555555555555555,0.0,0.0,0.05555555555555555,0.0,0.05555555555555555,0.0,0.05555555555555555,0.05555555555555555,0.1111111111111111,0.0,0.0,0.1111111111111111
P2,0.0,0.0,0.07692307692307693,0.0,0.07692307692307693,0.15384615384615385,0.0,0.0,0.07692307692307693,0.0,0.07692307692307693,0.0,0.15384615384615385,0.0,0.0,0.07692307692307693,0.0,0.07692307692307693,0.0,0.15384615384615385
P5,0.07692307692307693,0.0,0.19230769230769232,0.0,0.07692307692307693,0.038461538461538464,0.038461538461538464,0.11538461538461539,0.0,0.0,0.11538461538461539,0.0,0.0,0.038461538461538464,0.0,0.038461538461538464,0.038461538461538464,0.038461538461538464,0.0,0.11538461538461539
P9,0.25,0.08333333333333333,0.08333333333333333,0.0,0.0,0.0,0.0,0.08333333333333333,0.0,0.0,0.0,0.25,0.0,0.0,0.0,0.08333333333333333,0.08333333333333333,0.0,0.0,0.08333333333333333
P7,0.047619047619047616,0.14285714285714285,0.047619047619047616,0.0,0.14285714285714285,0.0,0.047619047619047616,0.047619047619047616,0.0,0.0,0.23809523809523808,0.09523809523809523,0.0,0.047619047619047616,0.0,0.0,0.0,0.0,0.0,0.0
P1,0.1,0.0,0.05,0.05,0.05,0.05,0.0,0.1,0.0,0.05,0.1,0.0,0.1,0.0,0.05,0.1,0.0,0.0,0.0,0.25
P3,0.0,0.0,0.1,0.0,0.1,0.2,0.0,0.2,0.0,0.0,0.0,0.1,0.1,0.0,0.0,0.0,0.0,0.0,0.0,0.2
