ID,A,C,D,E,F,G,H,I,K,L,M,N,P,Q,R,S,T,V,W,Y
P1,0.043478260869565216,0.0,0.08695652173913043,0.043478260869565216,0.043478260869565216,0.043478260869565216,0.0,0.08695652173913043,0.0,0.043478260869565216,0.08695652173913043,0.0,0.08695652173913043,0.08695652173913043,0.043478260869565216,0.08695652173913043,0.0,0.0,0.043478260869565216,0.21739130434782608
P2,0.0,0.07692307692307693,0.15384615384615385,0.0,0.07692307692307693,0.15384615384615385,0.0,0.0,0.07692307692307693,0.0,0.0,0.0,0.15384615384615385,0.0,0.0,0.0,0.0,0.07692307692307693,0.0,0.15384615384615385
P6,0.0625,0.0625,0.125,0.0625,0.0,0.0,0.0625,0.0625,0.0625,0.0,0.0625,0.0625,0.0,0.0,0.0625,0.0,0.0,0.125,0.0,0.1875
P4,0.058823529411764705,0.058823529411764705,0.058823529411764705,0.058823529411764705,0.11764705882352941,0.058823529411764705,0.17647058823529413,0.058823529411764705,0.0,0.0,0.058823529411764705,0.0,0.058823529411764705,0.0,0.058823529411764705,0.058823529411764705,0.058823529411764705,0.0,0.0,0.11764705882352941
P5,0.07407407407407407,0.0,0.18518518518518517,0.0,0.07407407407407407,0.037037037037037035,0.037037037037037035,0.1111111111111111,0.0,0.0,0.1111111111111111,0.0,0.0,0.037037037037037035,0.0,0.037037037037037035,0.037037037037037035,0.037037037037037035,0.0,0.14814814814814814
