ID,A,C,D,E,F,G,H,I,K,L,M,N,P,Q,R,S,T,V,W,Y
P6,0.05263157894736842,0.05263157894736842,0.10526315789473684,0.05263157894736842,0.0,0.0,0.05263157894736842,0.05263157894736842,0.05263157894736842,0.0,0.05263157894736842,0.05263157894736842,0.0,0.05263157894736842,0.05263157894736842,0.0,0.0,0.15789473684210525,0.0,0.15789473684210525
P1,0.0,0.0,0.1,0.05,0.05,0.05,0.0,0.1,0.0,0.05,0.1,0.0,0.1,0.1,0.05,0.1,0.0,0.0,0.0,0.2
P7,0.043478260869565216,0.17391304347826086,0.08695652173913043,0.0,0.13043478260869565,0.0,0.0,0.043478260869565216,0.0,0.0,0.21739130434782608,0.08695652173913043,0.0,0.043478260869565216,0.0,0.0,0.0,0.043478260869565216,0.0,0.0
P5,0.07692307692307693,0.0,0.23076923076923078,0.0,0.07692307692307693,0.038461538461538464,0.038461538461538464,0.07692307692307693,0.0,0.0,0.11538461538461539,0.0,0.0,0.038461538461538464,0.0,0.038461538461538464,0.038461538461538464,0.038461538461538464,0.0,0.11538461538461539
P8,0.11764705882352941,0.058823529411764705,0.17647058823529413,0.058823529411764705,0.0,0.0,0.0,0.058823529411764705,0.058823529411764705,0.058823529411764705,0.0,0.17647058823529413,0.0,0.0,0.058823529411764705,0.0,0.058823529411764705,0.058823529411764705,0.0,0.0
P2,0.0,0.07142857142857142,0.14285714285714285,0.0,0.07142857142857142,0.14285714285714285,0.0,0.0,0.07142857142857142,0.0,0.07142857142857142,0.0,0.14285714285714285,0.0,0.0,0.07142857142857142,0.0,0.07142857142857142,0.0,0.14285714285714285
P0,0.08333333333333333,0.25,0.0,0.0,0.0,0.0,0.0,0.16666666666666666,0.0,0.0,0.08333333333333333,0.0,0.0,0.16666666666666666,0.0,0.08333333333333333,0.0,0.0,0.08333333333333333,0.08333333333333333
P4,0.058823529411764705,0.058823529411764705,0.058823529411764705,0.058823529411764705,0.11764705882352941,0.058823529411764705,0.11764705882352941,0.058823529411764705,0.0,0.0,0.058823529411764705,0.0,0.058823529411764705,0.0,0.058823529411764705,0.058823529411764705,0.11764705882352941,0.0,0.0,0.11764705882352941
