ID,A,C,D,E,F,G,H,I,K,L,M,N,P,Q,R,S,T,V,W,Y
P0,0.08333333333333333,0.25,0.0,0.0,0.0,0.0,0.0,0.16666666666666666,0.0,0.0,0.08333333333333333,0.0,0.0,0.08333333333333333,0.0,0.08333333333333333,0.0,0.0,0.08333333333333333,0.16666666666666666
P1,0.05,0.0,0.05,0.0,0.05,0.05,0.0,0.1,0.0,0.05,0.1,0.0,0.1,0.05,0.0,0.1,0.0,0.0,0.05,0.25
P2,0.0,0.07692307692307693,0.15384615384615385,0.0,0.07692307692307693,0.07692307692307693,0.0,0.0,0.07692307692307693,0.0,0.0,0.0,0.15384615384615385,0.0,0.0,0.07692307692307693,0.0,0.07692307692307693,0.0,0.15384615384615385
P4,0.07142857142857142,0.07142857142857142,0.07142857142857142,0.0,0.14285714285714285,0.0,0.21428571428571427,0.0,0.0,0.0,0.0,0.0,0.07142857142857142,0.0,0.0,0.07142857142857142,0.14285714285714285,0.0,0.0,0.14285714285714285
P5,0.08695652173913043,0.0,0.21739130434782608,0.0,0.08695652173913043,0.043478260869565216,0.0,0.13043478260869565,0.0,0.0,0.13043478260869565,0.0,0.0,0.043478260869565216,0.0,0.043478260869565216,0.043478260869565216,0.0,0.0,0.13043478260869565
P7,0.0,0.17647058823529413,0.11764705882352941,0.0,0.11764705882352941,0.0,0.058823529411764705,0.058823529411764705,0.0,0.0,0.23529411764705882,0.058823529411764705,0.0,0.058823529411764705,0.0,0.0,0.0,0.0,0.0,0.0
P8,0.2,0.05,0.1,0.1,0.0,0.0,0.0,0.1,0.05,0.05,0.0,0.15,0.05,0.0,0.1,0.0,0.05,0.0,0.0,0.0
P3,0.1,0.0,0.2,0.0,0.1,0.2,0.0,0.1,0.0,0.0,0.0,0.1,0.1,0.0,0.0,0.0,0.0,0.0,0.0,0.1
